"msa_fips","msa_name","total_commute","under_5_mins","mins_5_to_9","mins_10_to_14","mins_15_to_19","mins_20_to_24","mins_25_to_29","mins_30_to_34","mins_35_to_39","mins_40_to_44","over_60_mins"
"13720","Big Stone Gap, VA Micro Area",13672,788,2405,2161,2343,1509,1190,1164,233,230,893
"13740","Billings, MT Metro Area",85576,4200,11022,17268,20414,14234,4359,6414,794,886,2387
"13780","Binghamton, NY Metro Area",103484,4050,14165,20275,21730,16483,6281,9022,1719,2051,3480
"13820","Birmingham-Hoover, AL Metro Area",473061,8693,34515,53685,72556,75944,37064,76378,19286,19687,44255
"13900","Bismarck, ND Metro Area",66324,2391,9694,15826,18871,8557,1804,3676,358,486,1776
"13940","Blackfoot, ID Micro Area",18453,1139,2826,3071,2749,2099,1148,2089,319,448,1438
"13980","Blacksburg-Christiansburg, VA Metro Area",72508,2576,11130,14534,13924,9303,3746,7008,1599,2112,3515
"14010","Bloomington, IL Metro Area",83601,3485,14596,19507,19531,9830,3364,4501,1262,1378,3433
"14020","Bloomington, IN Metro Area",77652,2757,10845,15215,17509,10752,3214,6539,1477,1309,3217
"14100","Bloomsburg-Berwick, PA Metro Area",37071,1188,5230,6329,6785,5875,2115,3547,877,1179,2241
"14140","Bluefield, WV-VA Micro Area",37462,1298,4931,7290,5988,5183,1753,3950,941,977,1991
"14180","Blytheville, AR Micro Area",16545,1169,3701,3024,2597,1628,559,1648,359,332,898
"14220","Bogalusa, LA Micro Area",16600,434,2172,2915,1911,1674,589,1829,139,796,1822
"14260","Boise City, ID Metro Area",313403,9447,30358,49057,59396,56184,23999,40985,7867,8867,16082
"14300","Bonham, TX Micro Area",12994,747,1786,1252,1352,1143,634,1505,547,545,1240
"14380","Boone, NC Micro Area",23156,1520,2748,4664,4692,3309,1345,2172,256,694,840
"14420","Borger, TX Micro Area",8482,572,2648,1927,1172,664,136,508,59,85,422
"14460","Boston-Cambridge-Newton, MA-NH Metro Area",2442362,48783,170050,251402,286845,297536,139915,368366,91477,134958,294718
"14500","Boulder, CO Metro Area",150498,3543,17107,26024,25712,21270,10913,17089,4045,5298,10544
"14540","Bowling Green, KY Metro Area",77458,2657,9706,13724,15490,12119,4263,8004,1955,1964,3238
"14580","Bozeman, MT Micro Area",55698,3456,10497,12110,11675,7802,2377,3419,370,437,913
"14620","Bradford, PA Micro Area",17289,1364,3094,2808,2100,1893,858,1865,422,726,1047
"14660","Brainerd, MN Micro Area",40141,2175,6069,7568,6485,5493,2525,3977,806,831,1884
"14700","Branson, MO Micro Area",22925,873,2618,4075,5017,3970,1266,2097,498,244,957
"14720","Breckenridge, CO Micro Area",17290,1528,3521,2834,3794,1941,913,1494,139,222,182
"14740","Bremerton-Silverdale-Port Orchard, WA Metro Area",119442,2227,9226,15590,20542,18271,7315,15046,3463,4120,7027
"14780","Brenham, TX Micro Area",14633,634,3244,2824,2551,1597,722,799,190,361,616
"14820","Brevard, NC Micro Area",12507,574,1808,2086,1941,1301,619,1854,255,436,887
"14860","Bridgeport-Stamford-Norwalk, CT Metro Area",439787,9759,37722,61704,68268,57878,21765,49827,9868,15598,34098
"15020","Brookhaven, MS Micro Area",12863,363,2026,2323,2372,1113,256,1781,20,247,470
"15060","Brookings, OR Micro Area",6567,782,2026,1250,657,604,174,535,101,148,41
"15100","Brookings, SD Micro Area",18079,1483,4636,5130,2824,1555,506,566,122,210,473
"15140","Brownsville, TN Micro Area",7135,209,1207,1166,764,661,369,1196,220,320,586
"15180","Brownsville-Harlingen, TX Metro Area",153712,3063,16567,28275,35713,28393,9043,19804,1408,2627,5224
"15220","Brownwood, TX Micro Area",15548,1066,2952,4421,2412,2456,451,898,87,88,253
"15260","Brunswick, GA Metro Area",49096,1587,6098,7776,9052,7895,2536,6634,1117,1128,2808
"15340","Bucyrus-Galion, OH Micro Area",18150,1226,2934,2614,2569,2346,1643,1816,658,460,739
"15380","Buffalo-Cheektowaga, NY Metro Area",524147,15558,55290,83844,92374,91546,45911,68825,15608,15408,23034
"15420","Burley, ID Micro Area",18542,2068,4151,3643,3282,2121,615,1142,142,149,569
"15460","Burlington, IA-IL Micro Area",21128,1138,3893,5152,3709,2534,892,1678,343,242,823
"15500","Burlington, NC Metro Area",73924,1869,7683,10872,13826,11076,4723,7995,2573,3152,6145
"15540","Burlington-South Burlington, VT Metro Area",112425,3530,12559,17406,19290,17780,7773,14237,4137,4026,6694
"15580","Butte-Silver Bow, MT Micro Area",15363,1282,3366,4397,2940,1171,216,726,91,180,499
"15620","Cadillac, MI Micro Area",19074,1468,3251,3532,2714,2200,965,1526,396,617,1151
"15660","Calhoun, GA Micro Area",24578,716,2225,3923,5477,3207,1624,3003,458,661,1604
"15680","California-Lexington Park, MD Metro Area",54012,1408,3660,6277,8691,7469,4010,7053,1306,1630,3803
"15700","Cambridge, MD Micro Area",13908,455,1730,1664,1730,1482,1247,2304,390,528,1041
"15740","Cambridge, OH Micro Area",16070,869,1730,3113,2909,2028,837,1415,353,327,1236
"15780","Camden, AR Micro Area",11263,430,1905,2338,1904,1303,446,1201,152,290,713
"15820","Campbellsville, KY Micro Area",14656,886,2447,2940,2350,1420,657,1669,276,235,962
"15860","Cañon City, CO Micro Area",13271,560,2268,2546,2227,1500,469,979,46,447,912
"15940","Canton-Massillon, OH Metro Area",179332,7261,21591,30602,30982,26481,12651,19596,5271,5537,9712
"15980","Cape Coral-Fort Myers, FL Metro Area",284141,5133,19572,33159,38660,44310,21294,50201,9798,12795,28874
"16940","Cheyenne, WY Metro Area",46447,2222,8807,13568,12240,3920,1410,1271,474,133,844
"16980","Chicago-Naperville-Elgin, IL-IN-WI Metro Area",4422700,69233,292713,437826,515259,537594,275550,682751,172666,257577,549327
"16020","Cape Girardeau, MO-IL Metro Area",42427,1805,6455,8075,7867,5874,2021,3998,832,955,1984
"16060","Carbondale-Marion, IL Metro Area",54353,2810,8106,10371,8778,7106,3008,5639,1635,1210,2874
"16100","Carlsbad-Artesia, NM Micro Area",25880,1493,5046,6890,5069,1668,369,1614,266,430,1222
"16140","Carroll, IA Micro Area",9811,1475,2792,1941,1344,747,283,666,97,97,134
"16180","Carson City, NV Metro Area",24336,813,4512,5715,4011,1763,753,2634,789,1012,1160
"16220","Casper, WY Metro Area",39088,1940,6452,10257,9488,5505,1240,1711,219,351,722
"16260","Cedar City, UT Micro Area",20930,2131,5560,4819,3514,1378,377,667,147,150,912
"16300","Cedar Rapids, IA Metro Area",134143,4787,18590,27126,27347,21253,7696,11331,3092,3159,5294
"16340","Cedartown, GA Micro Area",17268,653,2599,2237,2037,1673,1260,2456,311,484,1614
"16380","Celina, OH Micro Area",20324,1780,4020,3418,3301,2391,1285,1624,444,543,868
"16420","Central City, KY Micro Area",11446,672,1638,1770,1699,1408,443,1026,408,536,713
"16460","Centralia, IL Micro Area",15476,1005,3053,2958,1847,1742,980,1757,407,451,588
"16500","Centralia, WA Micro Area",29523,1777,3755,4098,3893,3115,1866,2783,1064,1057,2373
"16540","Chambersburg-Waynesboro, PA Metro Area",69685,2899,7633,9695,11585,10767,5197,8113,1919,2206,4296
"16580","Champaign-Urbana, IL Metro Area",105296,3809,13078,23637,24399,17674,7039,7876,1492,1371,2473
"16620","Charleston, WV Metro Area",100362,3004,9924,15258,18560,16118,6978,11826,2617,3046,6304
"16660","Charleston-Mattoon, IL Micro Area",28407,2570,6640,4994,3832,3144,1439,2284,626,611,990
"16700","Charleston-North Charleston, SC Metro Area",359801,5699,25691,38626,53591,61186,26203,65408,13408,14874,33333
"16740","Charlotte-Concord-Gastonia, NC-SC Metro Area",1167006,19458,89431,142293,174148,175240,89219,182092,46419,51184,112178
"16820","Charlottesville, VA Metro Area",97547,2798,10192,15165,18576,14388,6960,11816,2945,3543,6324
"16860","Chattanooga, TN-GA Metro Area",241943,5436,22304,33295,42552,43724,21922,32472,7469,7155,15672
"17020","Chico, CA Metro Area",87880,4082,16200,19967,14315,7175,4591,9887,1696,1237,3764
"17060","Chillicothe, OH Micro Area",29828,1109,3045,5025,5480,3999,1741,2707,753,967,2118
"17140","Cincinnati, OH-KY-IN Metro Area",1022005,23100,88527,125448,155587,169890,88448,151767,41254,46089,80169
"17220","Clarksburg, WV Micro Area",38109,1077,4104,5562,7259,5392,2737,4223,998,1179,2698
"17260","Clarksdale, MS Micro Area",7475,315,1438,1901,1204,562,240,290,81,116,798
"17300","Clarksville, TN-KY Metro Area",131940,5284,14819,19064,23240,19750,8119,15456,3779,3660,8070
"17340","Clearlake, CA Micro Area",19966,645,2733,3120,2277,2157,909,1571,835,837,1597
"17380","Cleveland, MS Micro Area",10304,801,2836,1663,1246,854,367,977,288,239,538
"17420","Cleveland, TN Metro Area",53115,1731,6919,9098,10896,6780,3030,5445,1380,1846,3535
"17460","Cleveland-Elyria, OH Metro Area",934157,24102,80268,117986,145950,152884,84990,136973,37917,40975,67835
"17500","Clewiston, FL Micro Area",16480,1171,3022,2530,1845,989,549,2012,251,363,1250
"17540","Clinton, IA Micro Area",20474,1109,4693,4231,2658,1649,1080,1423,646,823,1393
"17580","Clovis, NM Micro Area",22030,1671,4568,5571,4120,2392,938,1415,139,339,522
"17620","Coamo, PR Micro Area",10664,146,1357,1533,1543,1105,546,1631,222,808,758
"17640","Coco, PR Micro Area",7545,121,1043,1250,951,1020,329,949,140,443,491
"17660","Coeur d'Alene, ID Metro Area",67490,2373,9415,11518,13078,9821,3838,6654,1754,1996,3980
"17700","Coffeyville, KS Micro Area",13919,1282,3647,2548,1739,1755,706,986,154,227,479
"17740","Coldwater, MI Micro Area",17650,939,2945,2785,2636,2550,1230,1465,480,535,978
"17780","College Station-Bryan, TX Metro Area",114904,3693,14210,26239,30549,17115,4792,8763,1222,1670,2603
"17820","Colorado Springs, CO Metro Area",332501,8247,30309,48139,60873,63525,26853,41481,8156,8258,16558
"17860","Columbia, MO Metro Area",99408,3659,13784,22223,23004,12773,4452,7964,1831,2561,4295
"17900","Columbia, SC Metro Area",379026,19898,27497,48728,63535,63301,25696,59310,12931,12154,25928
"17980","Columbus, GA-AL Metro Area",128831,4554,11145,20088,27933,23000,9004,14820,2793,2866,7197
"18980","Cullman, AL Micro Area",33080,1596,4143,5287,4899,4413,1523,2655,616,655,3174
"18020","Columbus, IN Metro Area",37956,1209,5802,7553,8208,5626,1893,3181,833,765,1269
"18060","Columbus, MS Micro Area",24046,649,3072,4253,5633,4686,1520,1940,442,315,570
"18100","Columbus, NE Micro Area",16477,1398,4377,4743,2527,1483,420,660,240,95,166
"18140","Columbus, OH Metro Area",985373,23981,84467,127434,165456,171455,87877,142415,35155,37663,64611
"18180","Concord, NH Micro Area",73154,2714,7475,8787,10446,10069,5482,9667,2756,2890,6539
"18220","Connersville, IN Micro Area",9620,756,1501,1514,917,912,366,858,296,403,1093
"18260","Cookeville, TN Micro Area",45801,1523,4414,6819,7703,7907,1881,7480,888,823,2914
"18300","Coos Bay, OR Micro Area",22871,1719,5071,4389,4076,2428,812,2004,267,275,771
"18380","Cordele, GA Micro Area",8574,305,1271,1737,2503,722,106,677,95,86,476
"18420","Corinth, MS Micro Area",14825,463,2313,2658,2941,1793,836,1325,168,483,772
"18460","Cornelia, GA Micro Area",17846,433,1899,3277,2672,2077,1015,1927,435,418,1631
"18500","Corning, NY Micro Area",40509,2438,6640,6767,5813,5170,2520,4084,1224,1102,2210
"18580","Corpus Christi, TX Metro Area",186298,4296,19458,34565,49246,30016,9525,20403,2760,3071,6862
"18620","Corsicana, TX Micro Area",19595,883,3022,3063,3297,1959,972,1791,213,459,1380
"18660","Cortland, NY Micro Area",21576,978,3891,3920,3483,2202,986,1980,633,1003,1603
"18700","Corvallis, OR Metro Area",40594,1539,6729,9454,7848,5757,1848,2565,570,682,1654
"18740","Coshocton, OH Micro Area",15027,702,2437,2565,2018,1943,504,1194,252,940,1417
"18780","Craig, CO Micro Area",5861,423,1339,1050,507,269,48,359,101,56,717
"18820","Crawfordsville, IN Micro Area",17689,1005,3203,3053,2806,1854,704,1392,492,665,1386
"18860","Crescent City, CA Micro Area",8473,860,2258,2450,1302,492,176,458,53,64,101
"18880","Crestview-Fort Walton Beach-Destin, FL Metro Area",120099,4823,13839,18726,18003,14880,7363,15571,3411,4457,9533
"18900","Crossville, TN Micro Area",20401,788,2215,3369,4580,3214,1225,1610,362,452,1229
"19540","Decatur, IN Micro Area",14482,1109,2763,2349,2071,1308,771,1018,496,783,804
"19580","Defiance, OH Micro Area",17947,930,2939,3373,2657,2267,1443,1910,365,450,824
"19620","Del Rio, TX Micro Area",20230,1128,4837,5137,4771,2015,351,579,138,85,298
"19660","Deltona-Daytona Beach-Ormond Beach, FL Metro Area",247631,4771,23217,38225,41708,35479,13205,33899,7844,8710,17972
"19700","Deming, NM Micro Area",7232,572,2213,1334,903,484,224,412,45,107,285
"19740","Denver-Aurora-Lakewood, CO Metro Area",1426179,22738,90656,150216,204871,220716,107070,243673,60251,70722,145911
"19760","DeRidder, LA Micro Area",14061,612,1734,1860,1340,1188,712,1883,722,672,1641
"19780","Des Moines-West Des Moines, IA Metro Area",340382,12174,39671,54268,65457,64310,28649,40497,7068,7756,11721
"19820","Detroit-Warren-Dearborn, MI Metro Area",1911370,33215,141150,225608,281399,291217,148986,293701,75906,97551,183567
"19860","Dickinson, ND Micro Area",15479,1031,3922,3911,2370,1205,324,1069,108,111,347
"19940","Dixon, IL Micro Area",14742,1085,2581,2640,1745,2068,893,1191,357,353,829
"19980","Dodge City, KS Micro Area",16263,1601,3924,5120,2717,1126,398,544,200,72,292
"19000","Cullowhee, NC Micro Area",23112,1201,3436,4370,4163,3717,1027,2395,448,528,751
"19060","Cumberland, MD-WV Metro Area",38259,1699,5008,6776,6577,6026,2102,3995,742,1195,1324
"19100","Dallas-Fort Worth-Arlington, TX Metro Area",3421806,57215,237709,385974,469614,496500,232528,581701,128281,164918,357693
"19140","Dalton, GA Metro Area",63208,1232,4133,8686,13650,12286,6405,8878,1615,707,3259
"19180","Danville, IL Metro Area",29689,1230,4536,6762,5610,3471,1387,2982,553,554,1501
"19220","Danville, KY Micro Area",20388,864,3069,3388,3088,2398,1491,1511,424,569,1633
"19260","Danville, VA Micro Area",41895,1218,4485,8496,8190,6521,2311,3519,1067,1155,2476
"19300","Daphne-Fairhope-Foley, AL Metro Area",87084,1725,8292,11385,12898,11732,5685,13879,2352,4114,8399
"19340","Davenport-Moline-Rock Island, IA-IL Metro Area",173765,7427,23666,31082,33843,28589,13578,16524,3637,3509,6413
"19420","Dayton, TN Micro Area",12226,566,1768,2433,1673,1526,670,888,269,309,1117
"19430","Dayton-Kettering, OH Metro Area",357550,11202,41947,57481,66476,63116,30112,39695,9321,8329,14583
"19460","Decatur, AL Metro Area",62160,1648,6963,9065,9681,8115,3943,9242,1986,2519,5965
"19500","Decatur, IL Metro Area",44372,1897,7007,10511,10857,6208,1516,2015,349,619,1862
"20020","Dothan, AL Metro Area",59063,1563,6519,8804,11356,9834,3471,9022,1203,1381,2989
"20060","Douglas, GA Micro Area",19650,339,2545,4470,3987,3313,854,1791,149,462,753
"20100","Dover, DE Metro Area",77548,2081,7490,12653,13513,10740,4435,8236,1863,2383,5946
"20140","Dublin, GA Micro Area",23035,754,2529,5636,3494,2563,893,2535,640,446,1705
"20180","DuBois, PA Micro Area",32397,1846,4889,4990,4500,3522,1631,3263,1116,1144,2714
"20220","Dubuque, IA Metro Area",47901,2526,9197,11726,10570,5874,2240,2568,476,490,824
"20260","Duluth, MN-WI Metro Area",133468,7031,21511,24071,23491,18322,7732,12833,3024,3583,5653
"20300","Dumas, TX Micro Area",9756,588,2974,1551,1530,931,326,705,72,257,454
"20340","Duncan, OK Micro Area",17244,665,3514,3786,2831,1559,459,1583,365,373,1085
"20420","Durango, CO Micro Area",26288,956,2810,4860,4816,4265,1615,3679,337,614,1249
"20460","Durant, OK Micro Area",18813,1148,3475,4373,3074,2298,886,1510,217,220,603
"20500","Durham-Chapel Hill, NC Metro Area",287878,6362,21846,40374,50589,49226,22279,39681,10195,11159,19623
"20540","Dyersburg, TN Micro Area",15633,783,2778,3368,3000,1901,379,1004,166,341,875
"20580","Eagle Pass, TX Micro Area",20907,1077,3845,4341,5087,1467,396,962,151,210,925
"20660","Easton, MD Micro Area",16198,744,2568,2288,2557,2000,954,1184,284,396,797
"20700","East Stroudsburg, PA Metro Area",74712,2018,6618,8142,9401,8126,3756,8922,1620,2260,6193
"20740","Eau Claire, WI Metro Area",81318,3137,12779,17036,17005,11143,5110,6784,1364,1218,2283
"20780","Edwards, CO Micro Area",30132,1138,4431,4825,4831,3692,1133,4833,1150,1265,1387
"20820","Effingham, IL Micro Area",16434,1524,3197,3580,2755,1891,888,948,214,218,430
"20900","El Campo, TX Micro Area",17342,1294,3665,2934,2236,1287,713,1164,252,650,1163
"20940","El Centro, CA Metro Area",56636,1717,9081,10634,9917,7853,3622,6321,810,1004,2000
"20980","El Dorado, AR Micro Area",15225,607,2258,3118,2993,2258,404,1890,225,129,802
"21020","Elizabeth City, NC Micro Area",21461,630,2852,3550,3231,1583,1231,1661,198,611,1907
"21060","Elizabethtown-Fort Knox, KY Metro Area",66517,2717,7295,11229,11258,9121,3296,6760,1970,2166,5749
"21120","Elk City, OK Micro Area",8339,820,2309,1617,860,674,229,625,176,69,341
"21140","Elkhart-Goshen, IN Metro Area",91246,3599,11989,17944,18370,13631,7102,9968,1921,1975,2678
"21180","Elkins, WV Micro Area",10790,515,2323,1773,1767,1177,329,1053,206,276,372
"21220","Elko, NV Micro Area",25797,1786,5646,4664,2347,1883,886,1372,219,388,1010
"21260","Ellensburg, WA Micro Area",20831,1528,5191,4329,2950,1906,340,1032,223,490,1112
"21300","Elmira, NY Metro Area",35928,1914,5976,7464,6580,4819,1914,2882,453,730,1496
"21340","El Paso, TX Metro Area",350466,7437,30053,49621,64592,64970,28915,54497,7631,10218,17327
"21380","Emporia, KS Micro Area",17200,1546,5366,4075,2119,1187,524,773,126,149,546
"21420","Enid, OK Metro Area",28028,1675,5771,6660,6589,2621,797,1346,339,170,705
"21460","Enterprise, AL Micro Area",21778,847,2693,3929,3284,3866,1212,2417,501,662,1325
"21500","Erie, PA Metro Area",120100,5335,16765,22326,24414,18719,8257,11759,2070,2554,3802
"21540","Escanaba, MI Micro Area",14753,1214,3077,3053,2513,1651,613,938,114,201,407
"21580","Española, NM Micro Area",13475,645,1551,1579,993,968,315,2444,437,1250,2153
"22620","Forrest City, AR Micro Area",7961,392,1577,1671,1393,567,183,823,306,74,537
"21640","Eufaula, AL-GA Micro Area",8888,641,1457,1660,1265,918,360,892,246,134,546
"21660","Eugene-Springfield, OR Metro Area",159980,5353,20840,33390,33822,25539,9693,14207,2936,2568,3929
"21700","Eureka-Arcata, CA Micro Area",55205,3670,11340,10432,9119,7593,2626,4741,430,1006,1984
"21740","Evanston, WY Micro Area",8960,1064,2152,2184,703,514,12,200,184,330,662
"21780","Evansville, IN-KY Metro Area",146285,4749,18250,24704,29206,24380,10509,15447,3609,3890,6312
"21820","Fairbanks, AK Metro Area",49137,2220,7158,9708,10165,6740,4260,4731,579,793,1367
"21840","Fairfield, IA Micro Area",8007,933,1570,2245,1430,552,398,456,42,100,94
"21860","Fairmont, MN Micro Area",9014,688,2798,1406,1395,995,530,510,107,55,178
"21900","Fairmont, WV Micro Area",23393,871,2776,2929,2989,3576,2183,3695,884,883,1454
"21980","Fallon, NV Micro Area",9948,587,2501,1914,1419,1083,178,632,70,217,429
"22820","Fort Morgan, CO Micro Area",12747,1221,3300,2953,1623,1170,216,585,94,145,475
"22840","Fort Payne, AL Micro Area",28431,1195,2721,4204,4848,4315,1994,3716,677,660,2124
"22860","Fort Polk South, LA Micro Area",20992,1138,3580,3457,3984,2917,1343,1872,413,457,627
"22900","Fort Smith, AR-OK Metro Area",101811,4078,13457,18301,18118,16614,6511,11009,2230,2408,4964
"22020","Fargo, ND-MN Metro Area",130713,4750,19399,31345,34746,20064,5200,6734,1076,1275,2609
"22060","Faribault-Northfield, MN Micro Area",28477,1707,4996,4430,3246,3263,1689,2486,1088,1023,2462
"22100","Farmington, MO Micro Area",26260,1198,4595,4223,4616,3256,1024,1562,497,484,1320
"22140","Farmington, NM Metro Area",47519,1775,6235,7868,8016,6593,2186,6145,1236,1112,2732
"22180","Fayetteville, NC Metro Area",222508,9925,22078,27961,37464,35927,15943,31475,6580,6656,14642
"22220","Fayetteville-Springdale-Rogers, AR Metro Area",234728,7815,26706,43708,45074,36680,16356,27276,5662,6547,11390
"22260","Fergus Falls, MN Micro Area",26143,1981,5022,4656,3612,3042,1309,2275,456,708,1345
"22280","Fernley, NV Micro Area",21560,1076,2602,2416,1773,2488,1093,2841,1433,1125,2363
"22300","Findlay, OH Micro Area",36643,2139,7377,8748,6927,3902,1589,2188,692,736,1290
"22340","Fitzgerald, GA Micro Area",6087,283,1072,1739,1309,469,189,430,205,45,256
"22380","Flagstaff, AZ Metro Area",61906,3612,12678,13272,13514,6337,1638,3926,718,961,2096
"22420","Flint, MI Metro Area",162776,4312,16827,23791,28560,26247,10516,14453,3611,4760,12695
"22500","Florence, SC Metro Area",83059,2059,9635,14801,16033,12342,4743,10085,2096,1749,4550
"22520","Florence-Muscle Shoals, AL Metro Area",60832,1373,7398,10097,11271,8774,3174,6932,1296,1596,4022
"22540","Fond du Lac, WI Metro Area",50963,2967,8899,10761,7522,5931,2980,4194,1299,1462,2506
"22580","Forest City, NC Micro Area",25612,1020,2232,3977,4669,3818,1575,1887,870,668,2514
"22780","Fort Leonard Wood, MO Micro Area",23797,2130,3549,2850,4853,3761,1367,2816,467,428,939
"22800","Fort Madison-Keokuk, IA-IL-MO Micro Area",25489,2348,4469,3769,3431,3073,1620,2699,544,739,1628
"23060","Fort Wayne, IN Metro Area",187968,4885,18940,31441,37208,37199,15741,20215,4017,3950,6635
"23140","Frankfort, IN Micro Area",13868,797,1781,2129,1857,1709,1094,1656,574,451,1243
"23180","Frankfort, KY Micro Area",33497,1034,4779,6409,6155,3569,1876,3145,1047,1234,2754
"23240","Fredericksburg, TX Micro Area",11126,920,2511,2118,1220,1397,350,1284,184,76,320
"23300","Freeport, IL Micro Area",19523,1175,3755,3711,2685,2309,767,1503,517,615,1268
"23340","Fremont, NE Micro Area",17628,1696,3885,3921,1961,1166,732,1342,315,564,1198
"23380","Fremont, OH Micro Area",27099,1605,5073,5361,4284,2672,1722,2498,736,955,1203
"23420","Fresno, CA Metro Area",377688,9855,36389,54978,77245,71528,26713,48456,6508,8661,17458
"23460","Gadsden, AL Metro Area",40256,971,4395,6993,7583,6070,2839,4073,768,775,2539
"23500","Gaffney, SC Micro Area",22411,684,2022,4316,3588,3343,1346,2854,505,1050,1660
"23540","Gainesville, FL Metro Area",137715,2502,11717,20839,27185,25429,8671,19348,3047,3517,8437
"23580","Gainesville, GA Metro Area",88006,1751,6291,12314,15195,15211,5866,11316,2194,2192,6242
"23620","Gainesville, TX Micro Area",17890,979,3095,2923,2755,2026,857,1138,422,508,1248
"23660","Galesburg, IL Micro Area",20232,1336,4822,4142,3275,2134,675,1163,219,293,1214
"23700","Gallup, NM Micro Area",21103,1437,3491,4257,2969,2003,512,2379,387,540,1598
"23780","Garden City, KS Micro Area",19239,1672,4990,5142,3377,1887,484,840,45,105,169
"23820","Gardnerville Ranchos, NV Micro Area",19142,1293,2010,3159,3277,2302,597,1899,918,872,1364
"23860","Georgetown, SC Micro Area",22938,1147,2900,4172,2744,2546,1140,2910,633,872,1498
"23900","Gettysburg, PA Metro Area",47825,1428,4969,6545,6711,6293,2933,5147,1514,2068,5078
"23940","Gillette, WY Micro Area",28527,2488,5183,6691,3670,2294,824,1773,496,442,1875
"23980","Glasgow, KY Micro Area",21029,1407,2631,3827,3604,2729,1238,2014,614,647,1392
"24020","Glens Falls, NY Metro Area",57179,3189,7601,9224,7357,7236,3334,6550,1899,1771,4444
"24060","Glenwood Springs, CO Micro Area",39024,1728,5334,5906,4526,4077,1953,4746,487,1242,3581
"24100","Gloversville, NY Micro Area",23576,1150,3419,3696,3415,3147,1162,1980,444,841,2032
"24140","Goldsboro, NC Metro Area",52466,2195,7328,8983,9506,7788,3548,4567,1520,845,2968
"24180","Granbury, TX Micro Area",23169,416,1656,2510,2253,3356,753,4083,334,952,3611
"24220","Grand Forks, ND-MN Metro Area",51762,3928,12131,14400,8806,3733,1561,3021,463,723,1277
"24260","Grand Island, NE Metro Area",36980,2504,7093,8966,6617,3545,1649,2697,640,713,1381
"24300","Grand Junction, CO Metro Area",64287,1399,10525,14054,14876,11598,2509,3763,239,381,1785
"24330","Grand Rapids, MN Micro Area",18420,935,2719,3230,3185,2477,912,1706,389,488,1029
"24340","Grand Rapids-Kentwood, MI Metro Area",508094,15935,59038,85101,94321,86735,39806,54423,13255,14144,25262
"24380","Grants, NM Micro Area",8377,868,1431,1472,1054,788,337,655,98,266,651
"24420","Grants Pass, OR Metro Area",29703,2226,5121,6261,5601,3085,943,2226,561,915,1680
"24460","Great Bend, KS Micro Area",12606,1527,3376,2615,2203,1041,310,559,42,129,222
"24500","Great Falls, MT Metro Area",37103,1446,6837,9228,9483,4863,1226,1945,380,343,558
"24540","Greeley, CO Metro Area",140840,3545,13185,17881,20303,18601,8407,19825,5204,6334,13408
"24580","Green Bay, WI Metro Area",158507,6220,22446,29535,33869,25294,9176,13004,3391,4015,6056
"24620","Greeneville, TN Micro Area",26829,731,3184,3927,4270,4621,2104,3513,646,779,1831
"24660","Greensboro-High Point, NC Metro Area",333586,7872,32916,51187,64889,56803,27517,42042,10896,8382,16766
"24700","Greensburg, IN Micro Area",12839,581,2773,2009,1943,1607,749,839,361,365,625
"24740","Greenville, MS Micro Area",15945,738,3144,3499,3650,1644,604,1256,202,422,464
"24780","Greenville, NC Metro Area",79542,2480,10064,17264,16145,11382,3905,7266,1741,1679,3735
"24820","Greenville, OH Micro Area",23552,1716,3379,3591,3248,2846,1625,2370,935,830,1633
"24860","Greenville-Anderson, SC Metro Area",396046,8820,36364,54748,73491,66561,30484,53965,14435,12853,27277
"24900","Greenwood, MS Micro Area",12201,428,1959,3778,2070,1307,550,648,230,135,538
"24940","Greenwood, SC Micro Area",29150,1316,3890,6014,6289,3607,1640,1454,505,619,1801
"24980","Grenada, MS Micro Area",8113,484,2070,2214,1257,477,54,434,41,110,328
"25020","Guayama, PR Metro Area",16569,578,820,2843,2866,3683,451,1979,125,394,924
"25060","Gulfport-Biloxi, MS Metro Area",174057,4344,16286,25853,29864,30091,11782,24428,4826,4805,10814
"25100","Guymon, OK Micro Area",10292,1407,2578,2519,1373,854,397,475,26,69,226
"25180","Hagerstown-Martinsburg, MD-WV Metro Area",124674,3371,9448,15585,19872,17306,9050,14145,4698,4754,9432
"25200","Hailey, ID Micro Area",11357,1022,1948,2740,1059,1285,591,1014,85,257,494
"25220","Hammond, LA Metro Area",55027,1541,5335,6837,8317,5928,2450,5413,1188,1233,6772
"25260","Hanford-Corcoran, CA Metro Area",54159,2670,8640,9148,8281,6092,3135,6200,1382,1848,3616
"25300","Hannibal, MO Micro Area",16796,840,3618,3493,2520,1830,709,1968,305,273,513
"25420","Harrisburg-Carlisle, PA Metro Area",270715,9473,28559,42522,49449,44543,19287,32512,7107,7425,16324
"25460","Harrison, AR Micro Area",17807,960,2776,3486,2997,2021,775,2199,174,527,909
"25500","Harrisonburg, VA Metro Area",60819,3216,9666,10751,11680,8272,4194,5640,1361,1633,2079
"25540","Hartford-East Hartford-Middletown, CT Metro Area",575954,14124,53537,84802,90963,95348,46501,80371,19520,23644,36998
"25580","Hastings, NE Micro Area",14897,1252,3610,3954,2153,1017,672,885,270,236,307
"25620","Hattiesburg, MS Metro Area",70372,3043,8020,12896,13084,9187,3898,8877,1642,1970,2689
"25700","Hays, KS Micro Area",15251,1726,5792,3701,1838,766,329,444,35,68,174
"25720","Heber, UT Micro Area",33640,2145,5007,4342,3387,3729,2430,5176,844,1605,3094
"25740","Helena, MT Micro Area",37592,2101,6341,8558,9061,5312,1513,2041,384,368,722
"25760","Helena-West Helena, AR Micro Area",6387,848,1782,1081,1012,399,118,431,27,86,223
"25780","Henderson, NC Micro Area",17470,500,2156,3283,3529,1969,941,1593,271,327,1036
"25820","Hereford, TX Micro Area",7915,583,2707,1754,976,513,289,464,35,64,251
"25840","Hermiston-Pendleton, OR Micro Area",35270,2559,6749,6544,5970,3689,1957,3355,782,976,1487
"25860","Hickory-Lenoir-Morganton, NC Metro Area",157033,4233,15229,26035,30445,25208,11638,18862,4310,4145,8243
"25880","Hillsdale, MI Micro Area",17937,1058,2366,2443,2379,2250,1387,2132,608,681,1119
"25900","Hilo, HI Micro Area",79751,2041,9105,12669,13270,10112,3794,9538,1916,3199,6403
"25940","Hilton Head Island-Bluffton, SC Metro Area",86415,2856,9962,12753,14892,11668,4731,13649,1874,2492,6373
"25980","Hinesville, GA Metro Area",33628,1217,4001,5091,6327,5528,1305,3366,530,753,2410
"26020","Hobbs, NM Micro Area",28026,1556,5216,5851,6284,2489,731,1952,223,296,821
"26090","Holland, MI Micro Area",52471,1435,5940,6950,6813,9986,3494,8125,2177,1950,3524
"26140","Homosassa Springs, FL Metro Area",42604,1136,3851,6784,6812,6778,2693,5976,843,1823,2332
"26220","Hood River, OR Micro Area",10407,689,2379,2238,1637,1014,354,831,51,232,234
"26260","Hope, AR Micro Area",11884,363,1770,1963,2127,1406,513,1597,201,221,1120
"26300","Hot Springs, AR Metro Area",38833,1469,5465,6990,8395,6002,1549,3837,506,414,1524
"26340","Houghton, MI Micro Area",14627,1088,3538,3180,2501,1776,656,856,124,170,306
"26380","Houma-Thibodaux, LA Metro Area",85251,3731,11533,14118,14404,8549,3684,9524,2252,2339,5878
"26420","Houston-The Woodlands-Sugar Land, TX Metro Area",3096366,43920,193228,314287,408096,413714,186375,548557,114613,156359,365347
"26460","Hudson, NY Micro Area",26850,1574,3860,3183,3531,3356,1675,2594,1072,1160,2561
"26500","Huntingdon, PA Micro Area",17571,1163,2202,2019,2067,1630,950,1816,793,796,1827
"26540","Huntington, IN Micro Area",17614,842,2832,3346,2491,1860,938,2020,663,833,1138
"26580","Huntington-Ashland, WV-KY-OH Metro Area",136161,5190,15246,19637,23254,21459,10274,17132,3574,4196,8820
"26620","Huntsville, AL Metro Area",207724,3502,17815,27846,38809,39427,18291,33185,6338,5542,11644
"26660","Huntsville, TX Micro Area",24745,599,1630,2811,3130,5518,2118,2846,1080,619,2422
"26700","Huron, SD Micro Area",9397,774,2524,2500,1592,703,260,293,170,52,337
"26740","Hutchinson, KS Micro Area",27969,1416,5944,7572,4794,2576,749,1657,354,553,1055
"26780","Hutchinson, MN Micro Area",18071,1115,4021,3026,1860,1869,1008,1072,439,476,1440
"26820","Idaho Falls, ID Metro Area",60767,2543,11075,13347,11208,7688,2968,4395,545,872,2099
"26860","Indiana, PA Micro Area",35211,2103,5029,5756,5394,4273,2076,3762,852,971,1966
"26900","Indianapolis-Carmel-Anderson, IN Metro Area",950408,21466,86482,117167,143909,152420,79556,147034,40402,41805,72306
"26940","Indianola, MS Micro Area",7906,576,2014,1087,1412,813,291,736,236,101,302
"26980","Iowa City, IA Metro Area",89130,3104,11940,17833,17525,14495,5502,9635,1750,1563,3458
"27020","Iron Mountain, MI-WI Micro Area",12403,710,2724,3110,2275,1253,418,657,127,179,434
"27060","Ithaca, NY Metro Area",45537,1357,6334,8590,9676,8328,2701,4303,651,614,1494
"27100","Jackson, MI Metro Area",65601,2619,8378,12032,11199,9032,3666,5609,2058,2302,4403
"27140","Jackson, MS Metro Area",256585,5579,19758,31615,44558,45442,20610,45677,6879,7494,16439
"27160","Jackson, OH Micro Area",12873,838,1654,2074,2077,1119,569,916,664,647,945
"27180","Jackson, TN Metro Area",73922,2854,8442,13579,16124,10105,4958,7003,1466,1780,4034
"27220","Jackson, WY-ID Micro Area",18114,1739,2543,3591,2968,1985,804,1650,296,681,1176
"27260","Jacksonville, FL Metro Area",672532,10276,48625,72242,98737,111503,52424,120057,25439,29600,60698
"27300","Jacksonville, IL Micro Area",16873,1559,3333,3034,2069,1513,674,1249,265,840,1412
"27340","Jacksonville, NC Metro Area",94785,6459,14354,13544,14805,13964,6637,11565,2876,2028,4871
"27380","Jacksonville, TX Micro Area",19285,697,2931,2892,3153,2233,1050,1908,611,592,1481
"27420","Jamestown, ND Micro Area",10158,947,3310,2592,1257,514,269,435,66,152,224
"27460","Jamestown-Dunkirk-Fredonia, NY Micro Area",52751,3771,10694,11176,9158,5344,2487,4099,1073,1056,2047
"27500","Janesville-Beloit, WI Metro Area",75972,2732,11562,13161,12140,8568,4786,7089,2294,3185,6262
"27530","Jasper, AL Micro Area",23376,869,2595,3156,3211,2865,1242,2576,553,660,2572
"27540","Jasper, IN Micro Area",26915,1559,5356,4498,4775,3278,1584,2130,686,478,1341
"27580","Jayuya, PR Micro Area",3050,240,377,543,617,558,36,173,0,64,41
"27600","Jefferson, GA Micro Area",29075,595,1624,3555,3563,3893,1834,4492,1117,1334,3469
"27620","Jefferson City, MO Metro Area",69038,3221,8969,12810,12562,9299,4403,7347,2078,2045,3587
"27660","Jennings, LA Micro Area",11746,627,2040,1913,985,970,351,1570,196,374,1215
"27700","Jesup, GA Micro Area",10319,327,1388,2060,1722,1031,344,1181,213,191,848
"27740","Johnson City, TN Metro Area",84586,3428,10939,12419,15086,14087,6726,10266,2503,1825,4271
"27780","Johnstown, PA Metro Area",53800,2562,7256,8635,8666,7532,3381,4667,1554,1968,3930
"27860","Jonesboro, AR Metro Area",56457,2528,8101,12110,12470,8162,2149,4696,880,576,1524
"27900","Joplin, MO Metro Area",78442,3175,11774,14270,18247,12156,4438,7061,1380,1107,2261
"27940","Juneau, AK Micro Area",16279,743,3019,4177,3408,2537,610,1016,104,87,242
"27980","Kahului-Wailuku-Lahaina, HI Metro Area",78117,2663,12217,14202,12653,10170,3817,9541,1480,2746,5092
"10100","Aberdeen, SD Micro Area",21196,1640,5872,5719,3942,1377,655,1004,177,149,431
"10140","Aberdeen, WA Micro Area",25892,1441,4216,4099,3444,2411,1023,2486,872,879,1852
"10180","Abilene, TX Metro Area",73294,3974,12242,17423,17499,9549,2512,4992,427,700,1420
"10220","Ada, OK Micro Area",17032,902,2888,4108,3445,2309,521,1504,156,161,386
"10300","Adrian, MI Micro Area",42215,2201,5779,5780,4557,4699,2644,4155,1313,1863,4756
"10380","Aguadilla-Isabela, PR Metro Area",76641,3305,9585,10307,13211,9624,5376,7178,3521,2535,4895
"10420","Akron, OH Metro Area",327187,8610,33761,48098,53996,51069,27844,39748,12778,13223,22939
"10460","Alamogordo, NM Micro Area",24799,1289,5219,5056,4273,3248,1018,1924,162,342,1060
"10500","Albany, GA Metro Area",57244,1769,6581,12028,12256,8723,2950,5997,859,1083,2588
"10540","Albany-Lebanon, OR Metro Area",51208,2671,8173,8231,6320,6210,3986,6171,1328,1747,3538
"10580","Albany-Schenectady-Troy, NY Metro Area",422925,12212,40297,59867,74980,71911,34490,56909,13018,14954,26647
"10620","Albemarle, NC Micro Area",26976,977,4013,3799,3568,2898,1161,2627,786,958,3081
"10660","Albert Lea, MN Micro Area",14358,940,2991,2977,2191,1769,724,1023,258,271,438
"10700","Albertville, AL Micro Area",37738,2269,5345,6901,5645,4144,1100,3462,829,1138,3655
"10740","Albuquerque, NM Metro Area",394210,8404,34109,52433,72267,73451,29896,57616,10786,12532,22328
"10760","Alexander City, AL Micro Area",18426,577,2171,2619,2823,2088,990,2064,599,502,1769
"10780","Alexandria, LA Metro Area",59839,2901,7158,10633,11078,9648,3392,6539,1058,1265,2453
"10820","Alexandria, MN Micro Area",17672,969,3653,3721,3198,2318,1103,1209,227,184,343
"10860","Alice, TX Micro Area",19364,895,3950,2334,3265,604,332,3017,70,290,1203
"10900","Allentown-Bethlehem-Easton, PA-NJ Metro Area",387908,11111,36893,49332,57541,61825,27862,46981,10151,13173,28837
"10940","Alma, MI Micro Area",15337,975,2575,2582,1560,2062,921,1377,451,486,1060
"10980","Alpena, MI Micro Area",11920,600,2975,2571,2001,1383,704,800,84,186,306
"11020","Altoona, PA Metro Area",53824,2837,8404,10930,9864,7017,3106,4561,1269,971,2406
"11060","Altus, OK Micro Area",11110,749,3118,3282,1887,694,173,373,78,85,214
"11100","Amarillo, TX Metro Area",121361,5011,15486,22757,32109,19836,4770,9793,1649,1452,3320
"11140","Americus, GA Micro Area",13218,468,2380,2647,2688,1589,651,1093,141,267,575
"11180","Ames, IA Metro Area",61249,3464,10219,13546,11661,7343,2882,3912,1260,1527,3442
"11220","Amsterdam, NY Micro Area",20338,992,3131,2959,2308,2040,1341,2131,713,1173,2155
"11260","Anchorage, AK Metro Area",187381,5981,23352,35648,41172,32617,8157,15130,2088,2948,8074
"11380","Andrews, TX Micro Area",8021,832,2518,1463,430,96,132,515,149,277,673
"11420","Angola, IN Micro Area",16757,1185,2806,3125,2570,1799,952,1318,402,541,1016
"11460","Ann Arbor, MI Metro Area",174422,3748,14684,25908,31051,30443,12344,21078,5270,7231,13224
"11500","Anniston-Oxford, AL Metro Area",46008,1644,4527,6587,7898,7306,2991,6465,1042,1118,2772
"11540","Appleton, WI Metro Area",120999,4146,16627,21770,23612,20710,8972,11874,3427,2930,3463
"11580","Arcadia, FL Micro Area",12441,118,1253,1541,1973,2649,338,1704,227,383,1113
"11620","Ardmore, OK Micro Area",23812,1085,4399,4908,3955,2899,1193,2482,464,389,873
"11640","Arecibo, PR Metro Area",48877,793,2444,5306,6832,11679,4328,6293,1323,2310,2863
"11660","Arkadelphia, AR Micro Area",10173,365,2444,2268,1353,791,373,708,189,163,633
"11700","Asheville, NC Metro Area",195153,5314,17955,31273,41322,38414,13643,22231,5291,4944,8388
"11740","Ashland, OH Micro Area",24093,1799,3902,3496,2956,2856,1888,2786,754,665,1348
"11780","Ashtabula, OH Micro Area",38380,2263,5812,5380,4974,4776,2331,3357,979,1672,3658
"11820","Astoria, OR Micro Area",16923,1482,3306,3145,2652,2159,617,1284,244,357,744
"11860","Atchison, KS Micro Area",7246,868,1909,1285,740,512,210,359,108,217,340
"11900","Athens, OH Micro Area",26744,1332,4820,5300,4822,3641,1687,1723,308,316,1034
"11940","Athens, TN Micro Area",19991,903,2547,3679,2915,2771,1406,2330,547,602,1045
"11980","Athens, TX Micro Area",30557,1082,3916,3818,3551,3424,1416,3732,788,501,2716
"12940","Baton Rouge, LA Metro Area",381373,7877,29611,44912,60597,60942,23136,59985,11983,13711,35143
"12980","Battle Creek, MI Metro Area",56637,2008,7848,11902,10102,8614,3140,5398,1199,1682,2306
"12020","Athens-Clarke County, GA Metro Area",91670,2601,10335,18290,19397,14670,4991,8286,1966,1612,4332
"12060","Atlanta-Sandy Springs-Alpharetta, GA Metro Area",2646896,36491,149191,253889,330624,353814,164194,421289,102800,134138,324295
"12100","Atlantic City-Hammonton, NJ Metro Area",120830,3361,12581,17673,22231,19608,9546,13062,2415,3753,6624
"12120","Atmore, AL Micro Area",12517,466,1651,2936,2308,1456,259,1170,200,369,689
"12140","Auburn, IN Micro Area",20629,1443,3526,3381,3375,2700,1549,1861,647,574,803
"12180","Auburn, NY Micro Area",34106,2113,4526,5428,5257,3907,1820,3757,1049,1585,2781
"12220","Auburn-Opelika, AL Metro Area",70929,1196,8091,12960,13390,10857,4148,8741,1467,1526,5154
"12260","Augusta-Richmond County, GA-SC Metro Area",250694,6063,18320,35633,46639,42022,18813,37568,7652,7177,16886
"12300","Augusta-Waterville, ME Micro Area",55543,2878,7490,7876,8275,7306,4160,6648,1963,1729,3687
"12380","Austin, MN Micro Area",18215,1275,5440,3966,1555,1239,737,1226,395,440,1252
"12420","Austin-Round Rock-Georgetown, TX Metro Area",1016902,20171,77326,116478,158693,152553,73888,156097,34488,44355,101742
"12460","Bainbridge, GA Micro Area",10040,238,1057,2059,1818,1275,847,990,307,121,575
"12540","Bakersfield, CA Metro Area",325983,6590,31595,55322,69703,56398,22201,35205,4577,8298,15300
"12580","Baltimore-Columbia-Towson, MD Metro Area",1331638,19226,80809,128697,173070,184788,91357,210977,53356,68308,150371
"12620","Bangor, ME Metro Area",68049,2996,9242,11276,12536,9982,4041,7188,1452,1716,3693
"12660","Baraboo, WI Micro Area",32204,2444,6453,5128,3804,3428,2183,2312,1109,941,2170
"12680","Bardstown, KY Micro Area",20325,679,3240,2958,2687,1885,954,1717,589,893,2606
"12700","Barnstable Town, MA Metro Area",96225,3349,13229,17401,17875,12946,5341,9838,1663,2122,4184
"12740","Barre, VT Micro Area",28209,1390,3573,4624,4246,3644,1772,3329,688,867,2519
"12780","Bartlesville, OK Micro Area",21199,953,4239,4741,4260,1940,678,1385,149,413,1344
"12860","Batavia, NY Micro Area",28073,1755,4467,4141,3832,3195,1637,2694,1219,1349,2376
"12900","Batesville, AR Micro Area",20843,1406,3744,4266,3496,2425,987,1917,276,529,869
"13020","Bay City, MI Metro Area",44378,1603,5606,7044,7639,7580,3653,4916,1131,983,1905
"13060","Bay City, TX Micro Area",15007,1249,2515,2356,2029,1660,955,1296,253,331,1140
"13100","Beatrice, NE Micro Area",10128,957,1900,2165,1102,763,454,822,293,351,829
"13140","Beaumont-Port Arthur, TX Metro Area",162223,4919,17709,25859,28655,31032,8355,22564,2937,3898,7126
"13180","Beaver Dam, WI Micro Area",42808,2223,7124,6277,5260,5112,2831,4733,1397,1680,3319
"13220","Beckley, WV Metro Area",41360,1785,5045,6629,6103,5555,2378,4488,990,1110,2559
"13260","Bedford, IN Micro Area",20041,1265,2717,2920,3028,2148,969,1943,1122,814,1869
"13300","Beeville, TX Micro Area",9636,637,2439,1920,999,604,401,755,278,251,541
"13340","Bellefontaine, OH Micro Area",20105,1283,2911,2709,3040,3195,1532,1978,528,567,1159
"13380","Bellingham, WA Metro Area",98333,3959,13652,17770,18322,14164,6709,10636,2080,2215,3890
"13420","Bemidji, MN Micro Area",19242,991,3382,4725,3237,2184,790,1691,202,452,560
"13460","Bend, OR Metro Area",79172,3181,11861,18020,15888,9735,3882,8971,1125,1911,2518
"13500","Bennettsville, SC Micro Area",8806,215,1093,1357,1600,1204,561,1101,310,194,475
"13540","Bennington, VT Micro Area",15560,1132,3129,2915,2598,1645,766,1128,337,236,731
"13620","Berlin, NH Micro Area",12940,1051,2577,2277,1967,1495,560,736,143,428,848
"13660","Big Rapids, MI Micro Area",17033,837,3540,2926,2182,1897,891,1423,316,453,1022
"13700","Big Spring, TX Micro Area",13845,928,2943,3871,2367,930,169,520,159,175,908
"36780","Oshkosh-Neenah, WI Metro Area",83543,3274,13546,18270,17298,11780,5091,6806,1422,1534,2012
"36820","Oskaloosa, IA Micro Area",10380,771,2494,1482,1620,1291,470,893,301,131,433
"36830","Othello, WA Micro Area",6978,634,1297,1488,1166,545,189,704,149,126,282
"36837","Ottawa, IL Micro Area",66837,4330,12498,10952,8263,7536,4642,5897,1733,2052,3331
"36840","Ottawa, KS Micro Area",12100,725,2035,1740,1451,872,706,1640,390,479,1142
"36900","Ottumwa, IA Micro Area",15490,969,3333,4098,2340,1154,761,1227,189,200,466
"36940","Owatonna, MN Micro Area",17858,1192,4729,4214,2232,1494,630,1113,275,330,739
"36980","Owensboro, KY Metro Area",51298,2478,7887,11477,9942,5892,2034,3796,1167,1490,2296
"36020","Oak Harbor, WA Micro Area",34533,1679,4090,6706,6294,2760,1040,2961,770,786,2442
"36100","Ocala, FL Metro Area",115545,2451,8715,14299,19441,19783,10649,16798,4619,2955,8081
"36140","Ocean City, NJ Metro Area",40117,2304,6193,6377,7296,5347,2661,3267,807,1170,1540
"36220","Odessa, TX Metro Area",71851,2235,8343,13338,14418,11787,2817,8700,500,1031,2497
"36260","Ogden-Clearfield, UT Metro Area",296509,8818,33618,46262,54348,46142,20851,32700,9043,9499,18229
"36300","Ogdensburg-Massena, NY Micro Area",40633,3013,8563,6475,5072,4577,2498,3432,1275,1382,2306
"36340","Oil City, PA Micro Area",21661,1272,3231,3486,3291,3263,1267,2061,478,584,1169
"36380","Okeechobee, FL Micro Area",14791,460,2203,2934,3000,1688,380,1337,158,260,611
"36420","Oklahoma City, OK Metro Area",634602,15585,62741,91963,111419,113602,49614,92775,17988,18205,35858
"36460","Olean, NY Micro Area",31782,2255,5956,5473,4110,3591,1758,2657,585,847,2173
"36500","Olympia-Lacey-Tumwater, WA Metro Area",122607,2101,11814,17016,22618,18488,8617,14886,3280,4466,7614
"36540","Omaha-Council Bluffs, NE-IA Metro Area",461632,13797,50346,76892,91011,88961,38166,54025,9615,9277,17181
"37060","Oxford, MS Micro Area",23748,1088,4860,5677,4991,2174,596,1583,213,298,602
"37100","Oxnard-Thousand Oaks-Ventura, CA Metro Area",383438,8071,33457,49693,52615,48105,57809,49739,9488,13774,26025
"37120","Ozark, AL Micro Area",19744,763,2499,3478,3956,2876,974,2505,375,501,957
"37140","Paducah, KY-IL Micro Area",39875,1442,5624,9343,8040,6001,1924,3132,704,469,1758
"37220","Pahrump, NV Micro Area",13905,905,2419,2630,2806,1160,611,217,131,128,414
"37260","Palatka, FL Micro Area",24366,527,2379,3792,2662,2074,1371,2708,826,846,3183
"37300","Palestine, TX Micro Area",18294,716,2865,3637,2545,2402,1046,1834,724,208,957
"37340","Palm Bay-Melbourne-Titusville, FL Metro Area",233536,4787,19687,31254,41473,40200,17449,34121,6643,8280,15241
"37420","Pampa, TX Micro Area",9148,1149,2601,1842,1066,380,179,439,126,118,478
"37460","Panama City, FL Metro Area",80720,1876,8984,11622,14601,12545,4668,12960,1638,2257,4561
"37500","Paragould, AR Micro Area",17721,687,3103,3357,2359,2297,898,2184,597,535,1038
"37540","Paris, TN Micro Area",11994,616,2162,2376,2140,1653,536,994,108,220,479
"37580","Paris, TX Micro Area",20606,804,3925,4874,3862,2860,797,1451,79,190,475
"37620","Parkersburg-Vienna, WV Metro Area",36027,1492,4208,6633,7290,6030,2156,3944,462,705,1452
"37660","Parsons, KS Micro Area",9063,841,3011,1769,911,800,319,503,144,204,336
"37740","Payson, AZ Micro Area",17268,1658,4070,3639,2225,1539,566,1196,277,111,433
"37770","Pearsall, TX Micro Area",6214,582,1949,933,752,713,131,321,14,62,268
"37780","Pecos, TX Micro Area",5655,439,2360,857,486,273,19,226,0,36,298
"37800","Pella, IA Micro Area",15788,1542,4188,2586,1496,1380,764,843,350,366,1394
"37860","Pensacola-Ferry Pass-Brent, FL Metro Area",203541,4243,17280,25126,38577,35552,15399,28088,5806,6794,15626
"37900","Peoria, IL Metro Area",176704,8774,24139,30126,31314,29024,12689,17770,3996,4915,7755
"37940","Peru, IN Micro Area",14716,686,1808,2154,2150,2331,1367,1920,236,263,703
"37980","Philadelphia-Camden-Wilmington, PA-NJ-DE-MD Metro Area",2793001,56413,201676,305374,352666,376164,189433,418489,104619,148442,308737
"38060","Phoenix-Mesa-Chandler, AZ Metro Area",2042299,40146,161535,237820,297377,322221,160787,316040,72247,95576,183900
"38100","Picayune, MS Micro Area",20379,585,2162,2257,2739,1646,1075,2216,740,475,2217
"38180","Pierre, SD Micro Area",10554,825,3813,2995,1659,461,79,262,28,37,226
"38220","Pine Bluff, AR Metro Area",30907,930,3267,5569,7587,3922,1634,2814,619,818,1974
"38240","Pinehurst-Southern Pines, NC Micro Area",39252,1319,4263,6151,7338,4325,2457,3843,1099,1790,4050
"38260","Pittsburg, KS Micro Area",17917,1159,5005,4118,2188,1633,522,1273,456,317,787
"38300","Pittsburgh, PA Metro Area",1081822,29805,98304,135466,152460,149295,77511,151950,42196,52396,103245
"38340","Pittsfield, MA Metro Area",59033,3001,10765,12439,9330,7155,3094,5009,1163,1611,2718
"38380","Plainview, TX Micro Area",13467,860,3968,3426,1617,689,327,880,130,131,659
"38420","Platteville, WI Micro Area",23881,2267,4944,3317,2506,2624,1735,2578,686,714,1346
"38460","Plattsburgh, NY Micro Area",33978,2028,5882,6978,5912,4166,1955,3112,506,486,1145
"38500","Plymouth, IN Micro Area",20031,1016,3357,3470,2896,2070,1126,1846,481,832,1752
"38540","Pocatello, ID Metro Area",38114,2716,7739,10377,7230,2666,1045,2005,561,510,1241
"38580","Point Pleasant, WV-OH Micro Area",20994,1004,2017,2243,3603,2882,1166,2589,586,720,1656
"38620","Ponca City, OK Micro Area",17916,1721,4462,3960,2198,1760,696,1349,174,293,447
"38660","Ponce, PR Metro Area",60046,1171,4322,8071,12565,10353,3147,9465,963,2150,2825
"38700","Pontiac, IL Micro Area",15123,1567,3146,2609,1633,1340,748,1278,282,600,1035
"38740","Poplar Bluff, MO Micro Area",21209,1128,3775,4619,3748,2557,1046,1814,321,374,851
"38780","Portales, NM Micro Area",7847,932,1985,1442,511,928,447,1049,137,65,156
"38820","Port Angeles, WA Micro Area",26474,2259,5184,5055,3521,2582,1138,3007,358,353,963
"38860","Portland-South Portland, ME Metro Area",266179,8258,27140,38238,41662,38903,20246,33986,9923,11337,20869
"38900","Portland-Vancouver-Hillsboro, OR-WA Metro Area",1142699,24199,92253,137293,170591,172369,85577,169875,40122,54038,106146
"38920","Port Lavaca, TX Micro Area",9080,549,1562,1277,2072,1367,502,960,209,85,147
"38940","Port St. Lucie, FL Metro Area",183701,3556,13813,24377,32105,27893,9714,26829,5248,7453,17278
"39020","Portsmouth, OH Micro Area",26556,1538,3288,3348,4209,3638,2066,3233,789,939,1520
"39060","Pottsville, PA Micro Area",59774,2821,6920,7670,9034,8654,3975,5871,1656,2011,5244
"39100","Poughkeepsie-Newburgh-Middletown, NY Metro Area",300339,9122,28355,39421,38210,33446,16440,33338,8061,12316,26729
"39150","Prescott Valley-Prescott, AZ Metro Area",79167,4176,11544,12469,12691,11012,4996,9574,1719,1526,3730
"39220","Price, UT Micro Area",8051,972,2220,1862,1094,372,139,354,143,73,295
"39260","Prineville, OR Micro Area",8397,415,1497,1027,748,742,564,771,376,306,1293
"39300","Providence-Warwick, RI-MA Metro Area",770860,18964,72630,111321,119369,115387,53636,95853,24650,30337,58648
"39340","Provo-Orem, UT Metro Area",261255,10514,36589,44376,47821,35915,16613,26162,6735,7586,14598
"39380","Pueblo, CO Metro Area",65553,1858,8598,13672,13623,9327,2711,5097,1002,1516,3900
"39420","Pullman, WA Micro Area",21241,1918,4368,5119,3382,2324,923,1479,243,285,663
"39460","Punta Gorda, FL Metro Area",55193,1109,6174,9137,10668,7395,3386,5433,1402,1789,4671
"39500","Quincy, IL-MO Micro Area",34626,1730,6564,8207,6482,3669,1214,3102,699,696,1250
"39540","Racine, WI Metro Area",90007,3075,11785,13040,14022,11116,5741,10215,3417,4499,8092
"39580","Raleigh-Cary, NC Metro Area",619867,10873,44581,73632,97067,99465,51643,94615,24778,28466,53640
"39660","Rapid City, SD Metro Area",65838,2475,10139,12905,15486,11585,3430,4497,625,948,1903
"39700","Raymondville, TX Micro Area",7312,368,1565,1270,900,580,442,1035,282,85,448
"39740","Reading, PA Metro Area",192850,5831,18918,27342,33971,28742,15330,21280,5428,6918,13757
"39780","Red Bluff, CA Micro Area",22857,1026,4312,3564,2975,2654,1300,3164,842,511,1146
"39820","Redding, CA Metro Area",68073,2599,9926,14616,17276,9447,2691,4423,1089,700,1460
"39860","Red Wing, MN Micro Area",22541,1816,3672,3290,2291,2229,1374,2299,560,850,2253
"39900","Reno, NV Metro Area",219020,4971,21579,36678,45785,39786,14913,26318,4875,5223,9126
"39940","Rexburg, ID Micro Area",21956,2027,6074,4955,2783,1482,622,1858,263,321,695
"39980","Richmond, IN Micro Area",28445,1663,5048,6066,5434,3175,1195,1693,531,502,1122
"40420","Rockford, IL Metro Area",149856,4000,17588,25045,28916,24719,10168,15841,2862,3295,6462
"40460","Rockingham, NC Micro Area",17184,530,2172,3144,3299,1886,940,1951,415,722,981
"40530","Rockport, TX Micro Area",8661,595,1800,1970,1170,486,340,384,415,182,867
"40540","Rock Springs, WY Micro Area",20717,1391,4993,4519,2909,1945,563,1162,387,768,838
"40580","Rocky Mount, NC Metro Area",60944,2101,6223,11273,11986,8484,3617,6950,1515,1555,3299
"40620","Rolla, MO Micro Area",18173,909,3463,4462,3300,1693,639,1685,230,365,607
"40660","Rome, GA Metro Area",39274,1028,3422,6997,9363,5460,1761,4701,517,1079,2606
"40700","Roseburg, OR Micro Area",39823,2355,7735,7753,7320,5188,1683,3495,505,765,1222
"40740","Roswell, NM Micro Area",26040,1626,5256,6433,4844,2717,534,1712,255,321,1006
"40760","Ruidoso, NM Micro Area",6736,421,1195,2061,1013,572,207,615,34,50,283
"40780","Russellville, AR Micro Area",33877,2164,5693,5932,6429,4819,1765,2829,685,701,1126
"40820","Ruston, LA Micro Area",19907,1239,4138,4537,3691,1682,307,1917,273,475,673
"40860","Rutland, VT Micro Area",27795,1255,3406,5076,5361,3211,2076,2697,1180,523,1503
"40900","Sacramento-Roseville-Folsom, CA Metro Area",971876,18341,78097,128887,145665,148903,68246,151966,31740,39434,79050
"40940","Safford, AZ Micro Area",12328,829,2955,2448,1871,1095,330,419,21,148,779
"40980","Saginaw, MI Metro Area",78733,2812,10271,13871,14902,11664,5596,7918,2246,2081,3333
"40060","Richmond, VA Metro Area",599908,10232,42150,75571,99152,110570,54081,94635,22862,21688,38093
"40080","Richmond-Berea, KY Micro Area",44606,1919,6377,7868,6239,4079,2191,5000,1745,2020,4102
"40100","Rio Grande City-Roma, TX Micro Area",19631,1034,3247,3602,3605,2217,671,2085,116,197,615
"40140","Riverside-San Bernardino-Ontario, CA Metro Area",1813054,32638,137223,222757,251913,243672,93534,240773,45289,71940,154490
"40180","Riverton, WY Micro Area",15885,1595,4091,3376,2463,1147,443,1055,175,259,404
"40220","Roanoke, VA Metro Area",139108,2669,11449,16111,27629,20328,7747,31546,2722,3465,8270
"40260","Roanoke Rapids, NC Micro Area",24951,1384,3269,4975,3205,2321,981,3872,726,849,1509
"40300","Rochelle, IL Micro Area",23382,1539,3140,2665,2382,2787,2107,3099,879,1240,1856
"40340","Rochester, MN Metro Area",108423,4965,15536,22922,22222,14033,5911,9231,2596,2034,4280
"40380","Rochester, NY Metro Area",491511,16918,56514,78518,87325,86378,42541,56035,13889,13109,21871
"41060","St. Cloud, MN Metro Area",99957,5503,15797,18507,18593,12996,5515,8835,1821,2080,3894
"41100","St. George, UT Metro Area",61407,3065,10410,15375,11464,9159,3370,4297,804,804,1210
"41140","St. Joseph, MO-KS Metro Area",55228,2397,10126,11948,12617,6309,2147,3633,522,598,2119
"41180","St. Louis, MO-IL Metro Area",1312830,28247,111748,156885,195942,213571,102858,202699,52189,61471,109115
"41220","St. Marys, GA Micro Area",24583,483,3478,4711,3784,3144,1197,2573,568,858,2470
"41260","St. Marys, PA Micro Area",14764,1074,3368,2570,1943,2164,884,1042,202,284,669
"41400","Salem, OH Micro Area",42853,2320,5956,6103,5642,5013,2421,4726,1731,2039,3452
"41420","Salem, OR Metro Area",177030,5022,19180,27268,30508,27205,10647,21565,3846,5091,12850
"41460","Salina, KS Micro Area",29020,2085,7231,8742,4533,2192,771,1679,300,210,514
"41500","Salinas, CA Metro Area",181058,3074,14631,25092,41524,37572,11344,18377,3932,6506,8803
"41540","Salisbury, MD-DE Metro Area",167948,5922,20048,25465,26946,23646,9931,22089,5109,5763,11114
"41620","Salt Lake City, UT Metro Area",575645,11917,48749,84120,108186,110601,44833,80626,14661,17590,32297
"41660","San Angelo, TX Metro Area",55874,2713,10796,13715,14693,5995,1356,2087,382,199,757
"41700","San Antonio-New Braunfels, TX Metro Area",1087801,17632,79809,131151,174543,184004,80490,175295,34024,43036,92398
"41740","San Diego-Chula Vista-Carlsbad, CA Metro Area",1514012,19874,104980,188845,248752,258130,109774,243834,47826,64819,115970
"41760","Sandpoint, ID Micro Area",16056,828,2586,2389,2171,1714,617,2079,463,580,1126
"41780","Sandusky, OH Micro Area",34446,1410,5583,6574,6972,4254,1932,3233,657,592,1314
"41820","Sanford, NC Micro Area",25654,516,2795,4637,4511,2951,988,2540,809,1006,2682
"41860","San Francisco-Oakland-Berkeley, CA Metro Area",2215329,26710,114912,215745,271630,266810,117748,327783,74993,122478,276367
"41900","San Germán, PR Metro Area",30080,833,1408,5288,5022,4756,1780,5090,522,1562,1755
"41940","San Jose-Sunnyvale-Santa Clara, CA Metro Area",945662,10896,51751,98977,137774,150092,63945,162758,27752,47288,90567
"41980","San Juan-Bayamón-Caguas, PR Metro Area",669675,11255,35572,66353,92995,93345,32731,118894,16549,35633,67246
"42380","Sayre, PA Micro Area",24954,1593,3834,3561,3089,3212,1784,3145,755,830,1649
"42420","Scottsbluff, NE Micro Area",16922,1413,4763,4048,3187,1358,479,553,135,139,466
"42460","Scottsboro, AL Micro Area",19414,729,2235,2803,2666,2101,1122,2437,483,779,2413
"42500","Scottsburg, IN Micro Area",9802,285,1611,1313,1553,674,589,1136,611,528,948
"42540","Scranton--Wilkes-Barre, PA Metro Area",248517,8548,30247,43802,45548,38944,16259,26186,5634,7280,12383
"42620","Searcy, AR Micro Area",31192,1751,4298,6119,4982,2925,1162,2584,629,1172,2447
"42660","Seattle-Tacoma-Bellevue, WA Metro Area",1880633,28948,115942,180140,236475,260896,130702,298235,74552,106328,214853
"42680","Sebastian-Vero Beach, FL Metro Area",53149,1226,6475,9750,10944,6754,3280,5840,1699,1466,2823
"42700","Sebring-Avon Park, FL Metro Area",31224,1255,5217,6526,5918,4901,1066,2805,460,357,1029
"42740","Sedalia, MO Micro Area",17404,1034,3418,3760,3401,1774,639,1373,315,232,531
"42780","Selinsgrove, PA Micro Area",18445,1224,2827,2794,2394,2415,1378,1920,494,462,1149
"42820","Selma, AL Micro Area",13763,418,2026,2515,2678,1443,665,1265,342,107,977
"42860","Seneca, SC Micro Area",30345,953,2719,4753,5851,4370,2189,2940,797,728,2307
"42900","Seneca Falls, NY Micro Area",14340,776,2429,2497,2085,1704,884,1387,340,484,1008
"42940","Sevierville, TN Micro Area",43081,615,3573,5039,7273,6875,3083,7368,1738,1951,3374
"42980","Seymour, IN Micro Area",20099,881,3652,3569,2598,2948,1289,2242,537,663,643
"42020","San Luis Obispo-Paso Robles, CA Metro Area",121038,4995,19414,21807,19562,18494,7355,11997,2421,3361,5946
"42100","Santa Cruz-Watsonville, CA Metro Area",122521,3433,14498,19692,17260,15842,5357,12619,2896,3932,11074
"42140","Santa Fe, NM Metro Area",63868,1560,6694,9871,12914,11208,3457,7794,1395,1937,3809
"42180","Santa Isabel, PR Micro Area",7456,68,885,1142,1146,806,368,1529,335,248,468
"42200","Santa Maria-Santa Barbara, CA Metro Area",196453,7383,31212,43198,37161,25575,8002,15797,3320,5045,9848
"42220","Santa Rosa-Petaluma, CA Metro Area",231110,8005,26914,37137,37293,32915,14188,26451,5746,6517,13432
"42300","Sault Ste. Marie, MI Micro Area",14690,1327,3586,2860,2088,1377,979,1152,299,187,342
"42340","Savannah, GA Metro Area",176690,4719,14653,23918,30092,31091,11562,25740,6385,5420,13586
"43020","Shawano, WI Micro Area",19703,1629,2972,2941,2521,2094,1201,2057,745,730,1546
"43060","Shawnee, OK Micro Area",28783,1150,4228,4631,5069,2969,1054,2563,736,1306,2900
"43100","Sheboygan, WI Metro Area",56370,3144,10049,12922,11652,6929,2809,2868,790,1000,1733
"43140","Shelby, NC Micro Area",38422,1529,4047,5267,6614,5673,2050,4121,1536,1739,3388
"43180","Shelbyville, TN Micro Area",20856,707,2991,3818,3279,2019,1034,1701,564,868,1832
"43220","Shelton, WA Micro Area",23131,1010,2141,2262,2119,1914,1542,3195,1256,1500,2770
"43260","Sheridan, WY Micro Area",13743,1094,3109,3735,2569,1057,321,1110,66,44,238
"43300","Sherman-Denison, TX Metro Area",56648,2103,8120,9818,8863,6998,2751,5072,1590,1641,3795
"43320","Show Low, AZ Micro Area",30178,3096,6695,5238,3975,2289,850,2904,367,708,1509
"43340","Shreveport-Bossier City, LA Metro Area",166517,3868,15647,26800,39351,30718,12122,19443,3033,2626,5875
"43380","Sidney, OH Micro Area",23826,1355,4602,4504,3965,3512,1424,1897,449,454,903
"43420","Sierra Vista-Douglas, AZ Metro Area",44347,2506,8228,7850,7394,6492,1883,3431,793,954,2191
"43460","Sikeston, MO Micro Area",16083,1136,2585,2724,2544,2025,1194,1820,335,365,646
"43500","Silver City, NM Micro Area",9526,573,2406,1844,1573,1279,318,756,27,129,289
"43580","Sioux City, IA-NE-SD Metro Area",69336,4010,11180,14543,15708,10050,2654,4572,1084,1155,2234
"43620","Sioux Falls, SD Metro Area",135071,5691,16546,25801,33573,24704,8471,9789,1903,1853,3194
"43660","Snyder, TX Micro Area",6743,627,1835,1507,1379,511,78,200,28,64,211
"43700","Somerset, KY Micro Area",24608,772,3331,5022,4800,3819,1378,2051,329,460,1125
"43740","Somerset, PA Micro Area",29815,1557,3469,4476,5158,4264,1936,3281,658,874,1771
"43760","Sonora, CA Micro Area",18880,840,2799,3241,3088,2440,1113,1676,276,313,738
"43780","South Bend-Mishawaka, IN-MI Metro Area",143719,4380,14323,22033,30356,25508,10928,17250,4085,3483,6509
"43900","Spartanburg, SC Metro Area",134384,3509,12065,18859,25191,23247,11580,19262,3979,3647,7576
"43940","Spearfish, SD Micro Area",12686,1047,2971,3083,1751,1165,378,866,135,173,676
"43980","Spencer, IA Micro Area",7389,870,1930,1237,886,620,440,680,123,88,249
"44020","Spirit Lake, IA Micro Area",8599,834,2299,1523,1285,948,395,684,114,100,223
"44060","Spokane-Spokane Valley, WA Metro Area",231504,7722,25066,34382,43606,39047,19280,29624,5380,6273,11441
"44100","Springfield, IL Metro Area",94793,3079,11737,17690,22648,16056,6309,8064,1356,1495,2571
"44140","Springfield, MA Metro Area",315466,10556,34607,47235,52997,50254,23396,40492,9137,11622,19609
"44180","Springfield, MO Metro Area",203794,6587,19163,31551,38447,37879,14407,27556,5349,5389,10042
"44220","Springfield, OH Metro Area",57758,2792,7406,9537,10146,7885,3505,5914,2253,1558,3974
"44260","Starkville, MS Micro Area",23060,640,3892,5444,4641,1831,834,2456,554,663,921
"44300","State College, PA Metro Area",71979,2607,9553,12958,15121,11825,4376,7112,1697,1309,2892
"44340","Statesboro, GA Micro Area",32085,1403,5032,7340,5199,3148,1202,2514,644,810,2450
"44420","Staunton, VA Metro Area",54409,2159,6311,7804,7889,8889,4438,8004,1853,1898,3027
"44460","Steamboat Springs, CO Micro Area",12710,774,2435,2531,1789,1507,319,1850,151,374,448
"44500","Stephenville, TX Micro Area",18669,1518,4754,4535,2284,1629,306,1501,222,234,712
"44540","Sterling, CO Micro Area",10406,961,2845,2879,1117,645,287,473,179,76,421
"44580","Sterling, IL Micro Area",25216,1588,5049,5220,3695,3139,1523,1823,454,545,1121
"44620","Stevens Point, WI Micro Area",35546,1407,6490,8020,6661,4254,1690,2317,878,961,1447
"44660","Stillwater, OK Micro Area",35257,2567,7378,8859,6449,2915,747,2376,382,576,950
"44700","Stockton, CA Metro Area",290719,7723,27615,37835,43740,36758,13656,29880,4915,7557,19752
"44740","Storm Lake, IA Micro Area",9661,1720,2783,1576,1139,775,335,541,196,129,243
"44780","Sturgis, MI Micro Area",26400,1806,4942,4142,3341,2791,1471,2995,1023,990,1624
"44860","Sulphur Springs, TX Micro Area",15548,911,2918,3456,2181,1566,523,1163,395,229,772
"44900","Summerville, GA Micro Area",8685,358,796,1096,1343,1151,541,1247,259,378,792
"44940","Sumter, SC Metro Area",55207,2108,5934,10917,10406,8117,2207,4712,988,1511,3345
"44980","Sunbury, PA Micro Area",39315,1564,5051,5821,5738,6451,2498,4778,1135,1536,2181
"45000","Susanville, CA Micro Area",7811,223,1298,1472,1622,1229,248,637,57,316,341
"45020","Sweetwater, TX Micro Area",6062,614,1713,1561,688,316,81,404,89,123,172
"45060","Syracuse, NY Metro Area",291727,10714,32871,49209,57472,52255,21016,28921,7428,7927,12739
"45140","Tahlequah, OK Micro Area",18576,882,2992,2937,2782,2212,886,2042,426,414,1236
"45180","Talladega-Sylacauga, AL Micro Area",29673,1425,3763,4414,4942,4285,1190,3221,737,574,2535
"45220","Tallahassee, FL Metro Area",171040,3851,14939,24270,34394,29906,12575,24790,4707,5404,9557
"45300","Tampa-St. Petersburg-Clearwater, FL Metro Area",1314442,24698,101618,160816,192558,199455,84441,197757,45217,59343,132379
"45340","Taos, NM Micro Area",11943,834,2077,2590,2561,956,218,1012,45,272,497
"45380","Taylorville, IL Micro Area",14010,745,2533,1967,1239,1306,587,1624,600,935,1636
"45460","Terre Haute, IN Metro Area",78794,3293,10190,13960,13192,11339,4914,8396,2060,2316,4122
"45500","Texarkana, TX-AR Metro Area",57378,1952,8541,14713,9430,8386,2174,5849,902,1009,2219
"45520","The Dalles, OR Micro Area",10610,808,2360,2449,1486,853,409,836,242,186,618
"45540","The Villages, FL Metro Area",21861,871,2733,3485,4228,2712,704,2424,550,758,1719
"45580","Thomaston, GA Micro Area",9956,323,1646,1820,1940,1090,289,921,188,230,692
"45620","Thomasville, GA Micro Area",18617,724,3729,3767,3248,2679,620,1401,192,293,884
"45660","Tiffin, OH Micro Area",25480,1560,3696,4771,3604,3430,1942,2290,741,854,1439
"45700","Tifton, GA Micro Area",17950,613,2343,5102,4734,1718,569,1061,178,213,889
"45740","Toccoa, GA Micro Area",9897,236,1403,2255,1967,989,357,866,422,197,389
"45780","Toledo, OH Metro Area",293829,11280,37252,48262,54118,52471,23213,30976,6261,5810,11931
"45820","Topeka, KS Metro Area",106648,3627,12920,20299,25199,15699,5413,9987,2176,2280,4411
"45860","Torrington, CT Micro Area",89760,4001,9170,11476,10676,11944,6060,10085,3255,4028,8858
"45900","Traverse City, MI Micro Area",66623,2515,7839,10796,12173,10757,4865,7445,1768,1954,3355
"45940","Trenton-Princeton, NJ Metro Area",167117,3893,15732,24128,29583,26729,9313,17927,3599,4794,9964
"45980","Troy, AL Micro Area",13599,465,2361,2827,1905,2318,496,1451,79,238,645
"46020","Truckee-Grass Valley, CA Micro Area",37054,2077,5334,6098,6230,4521,1640,3424,867,1105,2248
"46060","Tucson, AZ Metro Area",418325,8252,36498,53492,67592,69249,33557,68073,13648,16976,30836
"46100","Tullahoma-Manchester, TN Micro Area",43386,2041,5394,6799,6652,5497,2861,5648,1073,1089,3274
"46140","Tulsa, OK Metro Area",440307,12563,46208,67448,81982,82289,34284,59025,10650,10228,20032
"46180","Tupelo, MS Micro Area",69304,1504,6175,12409,12599,11141,5689,9937,1707,1893,3026
"46220","Tuscaloosa, AL Metro Area",103081,2311,9361,15827,17571,20181,7109,11981,2218,2764,6797
"46300","Twin Falls, ID Metro Area",47853,2981,10188,9578,8419,5648,2328,4451,712,636,1164
"46340","Tyler, TX Metro Area",95528,2287,9376,14330,16285,17649,6074,14932,2148,2106,4936
"46380","Ukiah, CA Micro Area",33095,2051,6946,7278,5205,3243,1094,2915,431,284,1038
"46420","Union, SC Micro Area",11256,389,1438,1818,1588,1092,398,1287,479,408,1338
"46460","Union City, TN Micro Area",12283,811,2182,2242,2050,1548,583,1309,272,201,551
"46500","Urbana, OH Micro Area",17310,980,2172,2073,1960,2478,1195,2247,999,687,1540
"46520","Urban Honolulu, HI Metro Area",479981,8271,35082,54600,64745,68154,25722,86883,12302,22087,46871
"46540","Utica-Rome, NY Metro Area",122551,6112,18811,23491,21435,17550,7101,10907,2769,2885,5836
"46620","Uvalde, TX Micro Area",10728,825,2480,2696,1474,727,346,555,186,250,406
"46660","Valdosta, GA Metro Area",59911,2212,7185,10524,13847,10252,4126,5726,1016,721,1843
"46700","Vallejo, CA Metro Area",196052,4373,16922,27322,27382,19263,8365,21772,5518,7863,19687
"46780","Van Wert, OH Micro Area",13221,888,2766,2529,1802,1206,616,1162,304,484,850
"46820","Vermillion, SD Micro Area",6832,740,2674,1085,437,236,381,295,134,222,304
"46860","Vernal, UT Micro Area",14096,804,4131,3228,1739,797,352,969,85,296,725
"46900","Vernon, TX Micro Area",6024,642,2420,1121,753,291,3,264,36,113,177
"46980","Vicksburg, MS Micro Area",18913,656,2581,4398,4246,2586,641,1295,469,255,881
"47020","Victoria, TX Metro Area",42687,1239,6544,10425,8208,5006,1626,3268,558,1094,2389
"47080","Vidalia, GA Micro Area",13326,761,1657,2874,2361,1834,604,1093,84,289,821
"47180","Vincennes, IN Micro Area",17440,1476,3643,3594,2045,2257,727,1833,180,243,477
"47220","Vineland-Bridgeton, NJ Metro Area",58891,1788,7608,11013,9100,7166,3993,5898,1145,1745,4763
"47240","Vineyard Haven, MA Micro Area",7328,608,1683,2053,1706,735,115,287,2,32,56
"47260","Virginia Beach-Norfolk-Newport News, VA-NC Metro Area",846760,23855,72149,112627,146174,138292,63730,125217,25866,29840,60420
"47300","Visalia, CA Metro Area",167293,5912,23356,31210,27088,22929,8573,19127,3539,4974,10944
"47340","Wabash, IN Micro Area",13959,984,2905,2507,1952,1434,792,1236,205,379,679
"47380","Waco, TX Metro Area",114718,3530,15051,20851,28751,17620,6442,11276,2424,1626,2991
"47420","Wahpeton, ND-MN Micro Area",10798,1509,2864,1578,933,687,456,1043,270,326,674
"47460","Walla Walla, WA Metro Area",24610,1841,7142,6144,3910,1618,557,1105,204,304,552
"47540","Wapakoneta, OH Micro Area",22487,1783,3874,3366,2843,4079,2040,2102,536,401,806
"47580","Warner Robins, GA Metro Area",81236,1733,7285,12392,17010,13737,6529,13317,1934,1403,2511
"47620","Warren, PA Micro Area",17249,986,3106,3188,2898,2393,929,1492,377,409,747
"28700","Kingsport-Bristol, TN-VA Metro Area",121162,3537,12612,18688,23126,18043,8851,16081,3594,3590,7244
"28740","Kingston, NY Metro Area",78729,3112,8191,11111,11164,9202,4872,9011,2323,3203,7526
"28780","Kingsville, TX Micro Area",13199,651,3226,3267,2138,1025,200,697,128,184,983
"28820","Kinston, NC Micro Area",22053,812,2251,4300,4522,3019,1001,2148,449,682,1329
"28860","Kirksville, MO Micro Area",11808,982,2969,2691,1249,1166,466,917,161,259,446
"28900","Klamath Falls, OR Micro Area",24749,1602,4787,6392,5034,2692,757,1396,375,457,651
"28940","Knoxville, TN Metro Area",372513,8056,32669,51095,65754,64935,30829,55301,10900,11675,24624
"28020","Kalamazoo-Portage, MI Metro Area",125453,3698,15268,23252,27164,21555,9504,10703,2801,2623,4048
"28060","Kalispell, MT Micro Area",43794,1989,6747,8055,7432,6980,2327,6394,517,759,1464
"28100","Kankakee, IL Metro Area",48318,2399,7429,8865,7822,5599,2005,3720,1118,1352,3095
"28140","Kansas City, MO-KS Metro Area",1014773,24747,98756,139453,171974,172828,82402,147973,34933,37426,67198
"28180","Kapaa, HI Micro Area",33012,949,4698,5092,5443,3970,1706,5519,464,811,2953
"28260","Kearney, NE Micro Area",29221,2512,7878,8319,3101,2005,945,1683,306,454,1038
"28300","Keene, NH Micro Area",35559,2123,5468,5996,4499,5242,2201,3906,975,839,1657
"28340","Kendallville, IN Micro Area",21877,1159,2935,3196,3379,2581,1550,2499,1202,811,1788
"28380","Kennett, MO Micro Area",10996,1313,2447,1333,1210,1021,422,915,383,314,914
"28420","Kennewick-Richland, WA Metro Area",120793,4447,14326,19177,26886,20918,6443,10083,1951,3379,7099
"28500","Kerrville, TX Micro Area",20584,1091,3781,4390,3184,2490,1112,1828,279,408,609
"28540","Ketchikan, AK Micro Area",6913,709,1670,1436,1366,882,282,374,25,49,26
"28580","Key West, FL Micro Area",37949,2597,6812,9186,6409,4417,1447,2750,523,665,1491
"28620","Kill Devil Hills, NC Micro Area",16518,1388,2927,2740,2673,2332,796,1548,156,236,552
"28660","Killeen-Temple, TX Metro Area",187369,7669,26300,33830,38931,26662,8805,16868,3172,3877,9775
"29020","Kokomo, IN Metro Area",34942,1508,6844,7951,6684,3522,1227,1818,559,501,2093
"29060","Laconia, NH Micro Area",28988,1207,3719,4934,3635,3387,1329,3277,987,1480,2463
"29100","La Crosse-Onalaska, WI-MN Metro Area",68684,3301,11139,13481,13282,10676,4095,5560,1428,1331,2396
"29180","Lafayette, LA Metro Area",211423,8832,23056,34427,34086,31681,12629,29451,4266,5271,10917
"29200","Lafayette-West Lafayette, IN Metro Area",107226,3136,15292,23904,24528,15085,5284,7643,1554,2383,4323
"29260","La Grande, OR Micro Area",10641,1095,2798,2319,1357,963,493,663,81,75,310
"29300","LaGrange, GA-AL Micro Area",42578,1348,4484,7505,8012,6314,1957,4815,650,944,3285
"29340","Lake Charles, LA Metro Area",89618,3015,11775,15420,19683,14623,5312,9652,1131,1235,3305
"29380","Lake City, FL Micro Area",24942,383,2808,4007,4561,3745,1609,1917,545,912,2652
"29420","Lake Havasu City-Kingman, AZ Metro Area",68044,3209,12985,14826,12892,7297,2765,4485,813,1004,2985
"29460","Lakeland-Winter Haven, FL Metro Area",269784,4714,18045,34273,46566,42562,16086,37581,8312,10824,26671
"29500","Lamesa, TX Micro Area",4116,397,1718,637,257,208,34,193,49,85,212
"29540","Lancaster, PA Metro Area",253668,9896,29462,38426,41550,41009,19241,30106,7650,7171,14986
"29620","Lansing-East Lansing, MI Metro Area",250495,8070,29483,43029,47800,41442,17411,24855,6330,6494,11701
"29660","Laramie, WY Micro Area",19855,1653,7740,5670,2147,754,88,494,67,93,652
"29700","Laredo, TX Metro Area",105081,2249,10496,18766,24829,17923,5879,13041,1242,1949,4679
"29740","Las Cruces, NM Metro Area",84309,3198,9835,15719,18241,13018,4646,8918,1200,1745,3870
"29780","Las Vegas, NM Micro Area",9988,802,2126,1784,1107,728,137,1064,63,179,870
"29820","Las Vegas-Henderson-Paradise, NV Metro Area",975987,13277,58970,113641,154981,191073,91695,189015,29129,36298,52654
"29860","Laurel, MS Micro Area",33990,891,2880,4222,8249,6371,1401,4536,607,1088,1679
"29900","Laurinburg, NC Micro Area",11551,278,1182,2227,2027,2059,736,1151,351,293,441
"29940","Lawrence, KS Metro Area",64067,2821,11090,13709,11032,5413,2830,5674,1870,2462,4885
"29980","Lawrenceburg, TN Micro Area",15864,874,1728,2731,2265,1810,845,1665,311,474,1492
"30020","Lawton, OK Metro Area",50882,2872,8342,11368,11620,7328,2041,3510,715,596,885
"30060","Lebanon, MO Micro Area",14937,704,2603,2670,3189,1551,582,1387,196,383,985
"30100","Lebanon, NH-VT Micro Area",102133,5395,12815,13725,14660,14477,6755,12732,3711,4129,7608
"30140","Lebanon, PA Metro Area",64819,2879,8043,10870,9851,8743,4085,7509,1928,2450,5014
"30220","Levelland, TX Micro Area",9721,1058,2195,1287,997,652,569,1265,162,313,594
"30260","Lewisburg, PA Micro Area",16483,821,2651,2816,2596,2268,1004,1780,392,525,701
"30280","Lewisburg, TN Micro Area",14042,437,1420,1997,1688,1045,483,1712,603,722,2041
"30300","Lewiston, ID-WA Metro Area",26787,1641,5097,7489,5792,2538,630,1115,134,364,962
"30340","Lewiston-Auburn, ME Metro Area",50764,1838,7082,8357,7761,5715,2908,4200,2201,2358,5527
"30380","Lewistown, PA Micro Area",20197,1008,3323,4083,2778,2242,852,1712,432,684,1330
"30420","Lexington, NE Micro Area",12601,1645,3838,2113,1313,880,346,848,145,191,551
"30460","Lexington-Fayette, KY Metro Area",242027,7389,27220,37314,46436,43634,17032,30534,6458,5943,10814
"30580","Liberal, KS Micro Area",10424,1078,3223,2641,1460,530,105,482,22,103,178
"30620","Lima, OH Metro Area",46046,2175,7337,8964,8759,6864,2796,3660,816,1002,1986
"30660","Lincoln, IL Micro Area",11612,1012,2440,1890,1317,774,488,1111,501,664,888
"30700","Lincoln, NE Metro Area",172466,5488,23983,33094,39067,29801,11193,14455,2205,2742,4954
"30780","Little Rock-North Little Rock-Conway, AR Metro Area",331239,9779,32114,51353,57912,55534,22006,45585,9288,11012,23048
"30820","Lock Haven, PA Micro Area",16939,1027,2927,2657,2444,1632,964,1615,519,897,1236
"30860","Logan, UT-ID Metro Area",61808,3287,14371,15541,10560,5807,2107,3646,778,702,2032
"30900","Logansport, IN Micro Area",17028,783,2549,3810,2965,2119,749,1346,517,449,1048
"30940","London, KY Micro Area",49650,2078,6581,8940,9167,6575,2477,6256,794,721,2681
"30980","Longview, TX Metro Area",115469,4693,16962,18169,18914,17681,6008,14476,2706,3030,6447
"31020","Longview, WA Metro Area",41570,1229,4787,6995,8429,4924,2160,3619,1003,1249,2920
"31060","Los Alamos, NM Micro Area",9313,120,1482,2390,2779,1409,254,464,19,91,168
"31080","Los Angeles-Long Beach-Anaheim, CA Metro Area",6005033,71173,344793,638103,824401,831050,341135,1054290,171466,300284,615390
"31140","Louisville/Jefferson County, KY-IN Metro Area",582639,11613,44710,74458,99961,106387,52909,91762,19745,20342,37095
"31180","Lubbock, TX Metro Area",147934,5103,23797,37530,39375,19698,4290,8008,1094,1276,3260
"31220","Ludington, MI Micro Area",12222,843,2858,2490,1981,1374,604,927,128,162,447
"31260","Lufkin, TX Micro Area",34851,1552,6259,8624,7130,3527,1237,2526,390,595,1009
"31300","Lumberton, NC Micro Area",47223,1765,4817,6561,8665,7285,2967,6296,1575,1031,2834
"31340","Lynchburg, VA Metro Area",114370,2969,11979,17757,20838,18170,7547,14067,3700,3474,7470
"31380","Macomb, IL Micro Area",12715,1297,3400,2469,1593,1421,384,697,161,176,468
"31420","Macon-Bibb County, GA Metro Area",89960,2664,8413,12497,17000,16178,6282,12381,2531,2172,4952
"31460","Madera, CA Metro Area",52938,2068,6861,7829,5611,5521,2514,7680,1350,2716,4858
"31500","Madison, IN Micro Area",13574,545,2400,2697,1807,1715,535,754,416,395,1105
"31540","Madison, WI Metro Area",347864,11376,42885,54847,58543,56291,28403,42448,10968,11458,18128
"31580","Madisonville, KY Micro Area",18159,544,3176,3585,2976,2035,785,1938,511,372,1089
"31620","Magnolia, AR Micro Area",8732,518,2028,1701,1678,1076,306,426,134,139,357
"31660","Malone, NY Micro Area",17811,1506,3591,3123,2530,2133,880,1395,325,356,880
"31680","Malvern, AR Micro Area",12760,503,1620,1686,1211,1239,756,2431,480,517,1222
"31700","Manchester-Nashua, NH Metro Area",208441,4432,18642,29921,32039,27084,14031,25046,6985,9190,17867
"31740","Manhattan, KS Metro Area",66984,3961,15224,14647,12328,7654,3284,4612,1036,530,1475
"31820","Manitowoc, WI Micro Area",38411,2671,6812,7779,6047,4555,2183,2953,1082,1054,1987
"31860","Mankato, MN Metro Area",51288,2105,10662,13288,9768,5172,2198,3189,720,786,1186
"31900","Mansfield, OH Metro Area",49859,1647,7370,9765,9646,7053,3083,4122,718,800,1859
"31930","Marietta, OH Micro Area",25614,1410,2935,4218,3660,3950,2011,3557,744,812,881
"31940","Marinette, WI-MI Micro Area",28000,2039,5566,4988,4200,3183,1479,2025,709,679,1490
"31980","Marion, IN Micro Area",27061,1995,5155,6124,4604,3078,1066,1406,371,539,1289
"32580","McAllen-Edinburg-Mission, TX Metro Area",303102,7718,33878,49116,64572,55201,20525,40149,4734,5629,9196
"32620","McComb, MS Micro Area",13589,543,1916,3145,2221,1592,617,1334,257,95,787
"32660","McMinnville, TN Micro Area",16423,830,1628,3112,3168,1849,775,1767,376,286,1052
"32700","McPherson, KS Micro Area",14043,1938,4592,2294,1690,1162,490,978,135,202,367
"32740","Meadville, PA Micro Area",36085,2279,6002,6042,5373,4686,1965,3444,866,1080,2080
"32780","Medford, OR Metro Area",85681,3736,13044,17427,19405,11625,4831,7378,1289,1453,2893
"32820","Memphis, TN-MS-AR Metro Area",592923,10462,49956,71970,95553,108860,49233,101995,19522,21534,40599
"32860","Menomonie, WI Micro Area",21594,1493,3381,3832,2969,2398,1373,2213,753,741,951
"32900","Merced, CA Metro Area",97330,4456,14273,17512,14509,11304,3469,8082,1507,2801,5043
"32940","Meridian, MS Micro Area",40603,1533,4478,7484,7267,6840,2505,4688,858,1183,1937
"32000","Marion, NC Micro Area",17587,583,1513,2702,3342,2462,1624,2042,560,590,1284
"32020","Marion, OH Micro Area",25159,937,3795,5250,4269,2716,1092,1811,689,705,1778
"32100","Marquette, MI Micro Area",28872,2106,7072,6014,3776,3336,1512,2381,491,544,639
"32140","Marshall, MN Micro Area",12507,1569,3751,2304,1566,1260,520,712,116,82,246
"32180","Marshall, MO Micro Area",9735,807,2719,1920,1214,833,419,632,192,74,400
"32260","Marshalltown, IA Micro Area",17915,946,4170,4777,2496,1751,666,745,247,228,847
"32280","Martin, TN Micro Area",13871,990,2314,2403,2164,1878,699,1331,313,221,734
"32300","Martinsville, VA Micro Area",24000,841,2544,3996,4730,4615,1273,2228,672,573,1018
"32340","Maryville, MO Micro Area",10453,967,3534,1820,1190,1030,252,521,93,172,517
"32380","Mason City, IA Micro Area",24379,1620,5456,5518,3778,2893,1199,1505,460,208,931
"32420","Mayagüez, PR Metro Area",24687,429,1993,4181,5167,3870,1508,3768,174,952,1298
"32460","Mayfield, KY Micro Area",15105,408,2322,2019,2462,2236,794,2320,364,559,1066
"32500","Maysville, KY Micro Area",6886,357,902,1296,1287,883,372,582,59,154,232
"32540","McAlester, OK Micro Area",16432,946,2677,3231,2952,2042,912,1680,240,277,607
"33020","Mexico, MO Micro Area",10208,598,2387,1783,1285,715,333,1153,136,324,822
"33060","Miami, OK Micro Area",12357,697,2219,2363,1937,1290,637,1244,253,398,790
"33100","Miami-Fort Lauderdale-Pompano Beach, FL Metro Area",2743364,33256,143611,265944,352701,420322,183679,532952,96351,136251,282785
"33140","Michigan City-La Porte, IN Metro Area",45045,1362,7170,8581,6422,5183,2172,4845,1354,1202,3345
"33180","Middlesborough, KY Micro Area",7197,617,1467,773,1089,775,308,977,152,179,463
"33220","Midland, MI Metro Area",36110,930,4607,6968,6590,5095,2111,3969,954,1468,1805
"33260","Midland, TX Metro Area",84134,2873,10438,20463,18409,12303,2773,8904,929,664,2618
"33300","Milledgeville, GA Micro Area",19370,701,2693,4350,3658,2182,505,1205,687,568,1305
"33340","Milwaukee-Waukesha, WI Metro Area",751418,17589,71542,106903,130534,131633,62188,109230,25195,25748,41361
"33380","Minden, LA Micro Area",13814,614,1892,2529,1582,1496,545,1663,532,360,1484
"33420","Mineral Wells, TX Micro Area",10845,1023,1844,1728,1354,673,385,1313,253,225,976
"33460","Minneapolis-St. Paul-Bloomington, MN-WI Metro Area",1809313,33445,151303,219046,274189,296489,157841,270964,71859,85343,146005
"33500","Minot, ND Micro Area",41092,3146,8126,9264,8040,4042,1785,2207,325,366,1128
"33540","Missoula, MT Metro Area",60329,2333,8667,12675,15282,9698,2152,5039,554,445,1500
"33580","Mitchell, SD Micro Area",11585,1302,4028,2623,1405,825,450,301,18,111,111
"33620","Moberly, MO Micro Area",9997,267,2017,2437,1419,866,177,665,348,521,809
"33660","Mobile, AL Metro Area",170513,3248,11424,19982,31547,28995,11423,33741,4156,4559,12333
"33700","Modesto, CA Metro Area",210559,7044,24407,31569,31528,27878,10222,23890,5237,6586,13466
"33740","Monroe, LA Metro Area",78680,1622,8931,16022,14743,12202,3295,12378,1451,1698,3063
"33780","Monroe, MI Metro Area",66373,2025,6665,9257,9355,8923,5730,8188,3285,2959,6062
"33860","Montgomery, AL Metro Area",156823,3751,14629,23750,29580,27109,12309,22000,5039,3363,9005
"33940","Montrose, CO Micro Area",18006,778,3685,4486,3332,1898,333,1333,98,131,427
"33980","Morehead City, NC Micro Area",29090,1452,3697,4798,4676,3867,1479,3807,864,1036,1708
"34540","Mount Vernon, OH Micro Area",26586,1267,3976,3869,3532,3274,1426,2174,586,912,2095
"34580","Mount Vernon-Anacortes, WA Metro Area",52468,2313,6631,7991,7661,7295,3163,4769,1558,1854,3969
"34620","Muncie, IN Metro Area",49967,2363,8222,10008,10657,5791,1922,3703,810,821,2187
"34660","Murray, KY Micro Area",17239,1136,4390,4178,2404,1665,535,1179,169,223,728
"34700","Muscatine, IA Micro Area",20199,855,4280,4944,3571,2154,1021,1105,464,476,801
"34740","Muskegon, MI Metro Area",72639,2109,9028,11955,15284,12015,4765,6027,1261,2298,4686
"34780","Muskogee, OK Micro Area",25334,1101,4621,4908,4731,2951,977,1972,480,543,1518
"34820","Myrtle Beach-Conway-North Myrtle Beach, SC-NC Metro Area",184846,4962,17673,26496,37721,32699,13461,24246,5319,4651,9461
"34860","Nacogdoches, TX Micro Area",26431,1115,4987,6021,5027,2834,1114,1808,495,477,1000
"34900","Napa, CA Metro Area",65157,2746,9013,10619,9731,7402,3696,7427,1320,2034,3966
"34940","Naples-Marco Island, FL Metro Area",142967,2461,12699,19368,24341,22961,11559,22155,4711,5519,9876
"34980","Nashville-Davidson--Murfreesboro--Franklin, TN Metro Area",899009,17238,65745,103352,134591,133687,61233,135949,32595,41479,95672
"34020","Morgan City, LA Micro Area",18440,1412,2880,4121,3461,2052,534,1096,227,365,973
"34060","Morgantown, WV Metro Area",60251,1669,6699,11149,11064,8839,3594,6757,1543,1778,3349
"34100","Morristown, TN Metro Area",56433,1565,6403,8235,9404,7794,3836,6438,1956,1378,4933
"34140","Moscow, ID Micro Area",18850,1325,4237,3360,2361,2627,776,1594,354,684,795
"34180","Moses Lake, WA Micro Area",37742,2034,6436,7553,6536,4717,1419,4496,836,828,1547
"34220","Moultrie, GA Micro Area",17814,359,2170,3264,2810,3463,904,2087,280,608,924
"34260","Mountain Home, AR Micro Area",15262,1110,3057,3561,2692,1997,644,1302,106,127,237
"34300","Mountain Home, ID Micro Area",11453,814,2869,1499,1293,1683,798,568,248,162,922
"34340","Mount Airy, NC Micro Area",30008,1270,3709,5195,4288,3893,1285,3381,680,836,2688
"34350","Mount Gay-Shamrock, WV Micro Area",9296,691,1022,1207,1498,1180,560,692,228,231,774
"34380","Mount Pleasant, MI Micro Area",31317,2329,7329,6799,4476,3300,1454,2328,392,447,973
"34420","Mount Pleasant, TX Micro Area",19198,602,3420,3753,4136,2867,529,1464,310,220,424
"34460","Mount Sterling, KY Micro Area",17896,651,2353,2550,2615,2088,964,1893,459,711,1942
"34500","Mount Vernon, IL Micro Area",15084,570,2261,3086,3335,2239,725,1260,298,206,482
"35020","Natchez, MS-LA Micro Area",16180,850,3808,3512,2812,1440,534,1175,48,203,504
"35060","Natchitoches, LA Micro Area",11721,347,1837,2528,2448,1106,615,992,376,115,561
"35100","New Bern, NC Metro Area",52561,1931,7435,10579,8757,7013,2766,6344,921,1238,2784
"35140","Newberry, SC Micro Area",16311,602,1705,2635,2361,2467,937,1686,519,513,1467
"35220","New Castle, IN Micro Area",18844,1054,2240,2868,2076,2258,1016,1843,563,650,2068
"35260","New Castle, PA Micro Area",37391,1579,5548,6456,5431,4265,2051,3905,1541,1372,2709
"35300","New Haven-Milford, CT Metro Area",402925,8484,38036,61301,66762,65597,26639,51323,12201,14855,26446
"35380","New Orleans-Metairie, LA Metro Area",557173,12067,46688,72999,97308,90837,33122,84196,14523,17590,42553
"35420","New Philadelphia-Dover, OH Micro Area",42099,2143,6730,5780,6460,6112,2992,4369,1055,1188,2473
"35440","Newport, OR Micro Area",17465,1697,3248,3232,2966,2273,756,1399,178,407,458
"35460","Newport, TN Micro Area",13481,546,1350,1722,1822,1507,645,1480,586,571,1856
"35580","New Ulm, MN Micro Area",12443,1055,4046,2472,1448,1070,465,647,130,377,309
"35620","New York-Newark-Jersey City, NY-NJ-PA Metro Area",8905221,126141,469870,751591,868144,977004,460723,1319684,285772,523601,1130241
"35660","Niles, MI Metro Area",67729,3574,11302,13409,11674,9218,4603,6155,1470,1430,2062
"35700","Nogales, AZ Micro Area",16452,327,2039,3234,3302,2567,936,1169,187,99,762
"35740","Norfolk, NE Micro Area",23577,1917,6375,5744,3011,2406,735,1358,364,416,634
"35820","North Platte, NE Micro Area",17321,1244,4123,4690,2815,1360,746,1110,118,184,489
"35840","North Port-Sarasota-Bradenton, FL Metro Area",301052,5000,21477,38635,48933,62814,16366,55285,8563,8892,18634
"35860","North Vernon, IN Micro Area",13410,384,1238,2329,1608,1908,1581,2061,473,406,642
"47660","Warrensburg, MO Micro Area",25341,1530,5641,3961,3655,2392,1237,1991,639,641,1843
"47700","Warsaw, IN Micro Area",37280,2101,5638,7800,6916,4723,2721,2946,735,635,1667
"47780","Washington, IN Micro Area",13911,1230,2506,1983,1617,1111,504,1500,214,475,1326
"47820","Washington, NC Micro Area",18346,1065,2706,3738,2436,1594,1003,2165,511,440,1171
"47900","Washington-Arlington-Alexandria, DC-VA-MD-WV Metro Area",3111430,36918,146103,248275,338957,363660,185872,477483,131907,189918,440534
"47920","Washington Court House, OH Micro Area",12084,414,2081,1920,1498,1132,523,964,402,551,1198
"35900","North Wilkesboro, NC Micro Area",28202,704,2917,4868,5437,3882,1396,3150,454,710,2017
"35940","Norwalk, OH Micro Area",26423,1685,4389,3907,2768,3243,2541,3258,825,752,1633
"35980","Norwich-New London, CT Metro Area",129793,3418,14245,21339,21850,22132,8781,14316,3802,4078,7209
"36580","Oneonta, NY Micro Area",25908,1435,4434,3816,4063,3019,1708,3067,811,655,1359
"36620","Ontario, OR-ID Micro Area",19559,1799,3980,3564,3289,2222,715,1506,145,299,830
"47940","Waterloo-Cedar Falls, IA Metro Area",82747,5291,15204,18789,17167,11540,3709,5015,1025,970,1616
"47980","Watertown, SD Micro Area",16777,1377,4306,4718,2593,1105,488,887,123,138,427
"48020","Watertown-Fort Atkinson, WI Micro Area",43370,2738,6889,5602,5078,4747,2756,4611,1636,2028,4268
"48060","Watertown-Fort Drum, NY Metro Area",49236,3894,8479,9201,9190,6830,2983,4328,754,851,1418
"48100","Wauchula, FL Micro Area",9194,378,805,1658,1732,1522,350,815,115,91,902
"48140","Wausau-Weston, WI Metro Area",80168,4435,11199,16273,15489,12623,5043,6386,1796,1629,2641
"48180","Waycross, GA Micro Area",19941,477,1811,3997,4352,3626,942,1933,357,364,936
"48220","Weatherford, OK Micro Area",13129,1656,4193,2037,1105,1023,432,989,98,94,404
"48260","Weirton-Steubenville, WV-OH Metro Area",48127,2187,6496,7976,7060,5442,3324,4529,1556,2088,3789
"48300","Wenatchee, WA Metro Area",51013,2210,8232,10087,11827,7057,1975,3763,861,1181,1782
"48460","West Plains, MO Micro Area",15679,765,3327,3708,2538,1670,923,1429,213,62,327
"48500","West Point, MS Micro Area",6619,181,708,1663,476,1194,673,811,59,149,295
"48540","Wheeling, WV-OH Metro Area",58319,2336,7051,8789,11565,9060,3460,5537,1205,1664,3743
"48580","Whitewater, WI Micro Area",50243,2849,7286,7958,7320,5940,2639,4508,1741,1517,4273
"48620","Wichita, KS Metro Area",295695,10969,37150,50482,60456,57798,20465,31159,5626,5376,8190
"48660","Wichita Falls, TX Metro Area",66795,3362,13442,17161,15949,7733,2255,3054,449,284,1011
"48700","Williamsport, PA Metro Area",50743,2681,8365,9489,9170,6846,3084,4807,853,1056,1905
"48780","Williston, ND Micro Area",17926,1094,4336,4511,3936,1147,373,807,130,200,557
"48820","Willmar, MN Micro Area",20652,1333,5039,4234,3275,2713,762,1372,261,259,532
"48900","Wilmington, NC Metro Area",125721,3174,12225,23245,26459,21168,8357,13818,2238,3107,6074
"48940","Wilmington, OH Micro Area",18412,903,2641,2541,2480,1945,851,1627,587,772,2038
"48980","Wilson, NC Micro Area",34082,906,4714,7734,6965,4118,1523,2622,499,1006,1667
"49020","Winchester, VA-WV Metro Area",61969,1488,5274,8613,11736,7356,2973,5858,1003,1633,4983
"49060","Winfield, KS Micro Area",14802,1171,3745,3047,1903,1281,546,861,177,207,943
"49080","Winnemucca, NV Micro Area",7886,442,1561,1745,844,417,95,347,64,79,888
"49100","Winona, MN Micro Area",26534,1658,6001,6451,3765,1971,1013,2139,818,668,1038
"49180","Winston-Salem, NC Metro Area",285913,6059,28209,42365,52760,49339,20813,36865,9240,8594,17583
"49220","Wisconsin Rapids-Marshfield, WI Micro Area",33998,1887,6491,7560,5387,3890,1676,2729,684,866,1494
"49260","Woodward, OK Micro Area",10600,1069,2246,2352,1893,984,341,643,60,110,426
"49300","Wooster, OH Micro Area",52273,4002,7891,9467,8231,7233,3116,4368,1505,1236,2894
"49340","Worcester, MA-CT Metro Area",444871,10992,42391,54905,59962,56073,27792,58614,14857,18779,45116
"49380","Worthington, MN Micro Area",10061,1002,2790,1795,1393,1071,283,545,116,233,483
"49420","Yakima, WA Metro Area",99959,4763,14639,18446,21887,15118,5145,10340,1366,1712,3481
"49460","Yankton, SD Micro Area",10767,988,3257,2810,1461,703,292,457,34,63,182
"49500","Yauco, PR Metro Area",20806,262,1326,5274,3570,2411,1088,3657,329,595,1090
"49620","York-Hanover, PA Metro Area",212281,4720,20673,26851,32547,30800,16302,24630,7106,8842,18591
"49660","Youngstown-Warren-Boardman, OH-PA Metro Area",227330,8992,30470,37727,40654,35496,16518,21599,5376,6112,10466
"49700","Yuba City, CA Metro Area",65878,2327,6839,10213,10800,6727,2483,6084,1754,3252,7966
"49740","Yuma, AZ Metro Area",76189,3602,10374,14683,14137,11453,4308,8504,1247,2266,2156
"49780","Zanesville, OH Micro Area",36891,1592,4275,6319,5787,5880,2544,2723,1017,1015,2227
"49820","Zapata, TX Micro Area",4706,428,1730,1020,219,322,33,196,0,147,38
"36660","Opelousas, LA Micro Area",29468,1467,4231,3914,2888,4033,1604,4126,1197,1596,1546
"36700","Orangeburg, SC Micro Area",32673,1023,2392,5450,4722,4273,1364,3296,1147,1039,3398
"36740","Orlando-Kissimmee-Sanford, FL Metro Area",1137435,15810,64858,110589,149859,172591,87962,209807,50812,59513,125737
"22700","Fort Dodge, IA Micro Area",15769,1033,3680,4040,2320,1665,685,1016,216,236,364
"22660","Fort Collins, CO Metro Area",164257,4576,19223,28807,28009,26129,9997,17823,2782,5015,10476
